test_case_id,chunk_id,pred_prob,pred_label,max_pred_prob,example_pred_label
26104577,1935_0,0.96544737,1,0.96544737,1
26104577,1935_313,0.8947236,1,0.96544737,1
financebench_id_02656,2020_0,0.69995195,1,0.7887971,1
financebench_id_02656,2020_320,0.74247736,1,0.7887971,1
financebench_id_02656,2020_640,0.7887971,1,0.7887971,1
financebench_id_08319,2069_0,0.5524369,1,0.5524369,1
financebench_id_08319,2069_325,0.5270894,1,0.5524369,1
12135,3039_0,0.8810645,1,0.983435,1
12135,3039_95,0.983435,1,0.983435,1
21442579,1228_0,0.062357947,0,0.17339468,0
21442579,1228_279,0.17339468,0,0.17339468,0
ba0f6037-5bcb-4ae4-bb2e-f5d547c2b633,993_0,0.52661103,1,0.52661103,1
financebench_id_08079,2854_0,0.51717067,1,0.51717067,1
financebench_id_08079,2854_346,0.5061844,1,0.51717067,1
financebench_id_02310,2497_0,0.22955896,0,0.22955896,0
12706,3160_0,0.87236977,1,0.87236977,1
12706,3160_144,0.6415774,1,0.87236977,1
29731bc5-188f-4bab-a2c0-5848e2847860,474_0,0.001721763,0,0.001721763,0
12917,3185_0,0.9975199,1,0.9975199,1
12043,3019_0,0.9967849,1,0.9967849,1
9146771,1827_0,0.106933475,0,0.106933475,0
financebench_id_04278,2077_0,0.5701011,1,0.5701011,1
financebench_id_04278,2077_322,0.5202451,1,0.5701011,1
16150,3712_0,0.9980725,1,0.9980725,1
financebench_id_04750,2978_0,0.51857454,1,0.524614,1
financebench_id_04750,2978_328,0.524614,1,0.524614,1
financebench_id_04750,2978_656,0.50451475,1,0.524614,1
financebench_id_08011,2587_0,0.55915594,1,0.56436145,1
financebench_id_08011,2587_298,0.53998804,1,0.56436145,1
financebench_id_08011,2587_596,0.5308639,1,0.56436145,1
financebench_id_08011,2587_894,0.56436145,1,0.56436145,1
financebench_id_00268,2526_0,0.45212045,0,0.45212045,0
e406d360-a2ee-4276-b041-c54746fb2352,40_0,0.52434117,1,0.52434117,1
15789,3669_0,0.19388911,0,0.19388911,0
financebench_id_07505,2367_0,0.49779305,0,0.49779305,0
24309268,1805_0,0.22730282,0,0.22730282,0
financebench_id_06295,2282_0,0.60544,1,0.60544,1
financebench_id_06295,2282_348,0.5336028,1,0.60544,1
financebench_id_02696,2430_0,0.55912966,1,0.55912966,1
financebench_id_02696,2430_344,0.5261329,1,0.55912966,1
financebench_id_05020,2109_0,0.51792073,1,0.51792073,1
13469,3293_0,0.29383013,0,0.29383013,0
13469,3293_242,0.2314347,0,0.29383013,0
financebench_id_01676,2874_0,0.49694717,0,0.49694717,0
16665,3765_0,0.124965295,0,0.124965295,0
20eba3da-6af7-494f-a96f-2d84af1b4083,219_0,0.012034862,0,0.012034862,0
b783c527-2b23-4ad4-ab2d-9a6cd2136d42,853_0,0.988122,1,0.988122,1
financebench_id_06462,2104_0,0.520443,1,0.520443,1
financebench_id_06462,2104_344,0.46636286,0,0.520443,1
eaade28f-23d2-44dd-b843-c1593dd0b521,484_0,0.0018726768,0,0.0018726768,0
f3280001-b8f8-452b-957d-1d1764cd3ba7,403_0,0.0029206504,0,0.0029206504,0
13294,3250_0,0.5370478,1,0.686751,1
13294,3250_245,0.686751,1,0.686751,1
f3e81d97-375e-4fe0-b580-43dcac2d07a6,988_0,0.61400026,1,0.61400026,1
financebench_id_05933,2841_0,0.48909718,0,0.48909718,0
financebench_id_05933,2841_311,0.48151323,0,0.48909718,0
financebench_id_05933,2841_622,0.48384926,0,0.48909718,0
financebench_id_05933,2841_933,0.41357127,0,0.48909718,0
18592788,1726_0,0.97260416,1,0.97260416,1
13041,3189_0,0.90323156,1,0.99044937,1
13041,3189_148,0.99044937,1,0.99044937,1
13041,3189_296,0.9885766,1,0.99044937,1
financebench_id_06723,2682_0,0.5404865,1,0.5404865,1
financebench_id_08032,2399_0,0.56597465,1,0.59612405,1
financebench_id_08032,2399_329,0.59612405,1,0.59612405,1
financebench_id_08032,2399_658,0.58788925,1,0.59612405,1
financebench_id_08032,2399_987,0.530005,1,0.59612405,1
12693,3153_0,0.03164969,0,0.03164969,0
12693,3153_171,0.021201134,0,0.03164969,0
15130,3538_0,0.8233936,1,0.9965765,1
15130,3538_171,0.9946009,1,0.9965765,1
15130,3538_342,0.9965765,1,0.9965765,1
13260,3240_0,0.9919071,1,0.9919071,1
13260,3240_268,0.6959924,1,0.9919071,1
17514,3876_0,0.9968623,1,0.9972277,1
17514,3876_223,0.9972277,1,0.9972277,1
16155,3717_0,0.86631143,1,0.86631143,1
53851614-70a8-4a1c-8a8d-4435c053fd45,601_0,0.9911425,1,0.9911425,1
16356,3720_0,0.9975504,1,0.9975504,1
131f072d-d892-4f0f-9b35-178cae8e7e29,121_0,0.2212535,0,0.53592235,1
131f072d-d892-4f0f-9b35-178cae8e7e29,121_365,0.53592235,1,0.53592235,1
financebench_id_08880,2002_0,0.5109799,1,0.5109799,1
financebench_id_08880,2002_344,0.49681595,0,0.5109799,1
18193068,1262_0,0.9678825,1,0.9689826,1
18193068,1262_293,0.9689826,1,0.9689826,1
financebench_id_08435,2480_0,0.52243817,1,0.52243817,1
04e10d50-4ba2-4dd8-b6b6-0b54c37b9549,50_0,0.14274214,0,0.14274214,0
financebench_id_09000,2135_0,0.47253382,0,0.47253382,0
financebench_id_09000,2135_329,0.4613456,0,0.47253382,0
financebench_id_00678,2965_0,0.44108874,0,0.44108874,0
9b3e1020-b856-4ee9-89bd-d63d7fe98b32,863_0,0.9884537,1,0.9884537,1
24022305,1474_0,0.9698146,1,0.9698146,1
21113014,1213_0,0.79047006,1,0.79047006,1
financebench_id_10424,2008_0,0.4691451,0,0.46947268,0
financebench_id_10424,2008_315,0.46947268,0,0.46947268,0
financebench_id_10424,2008_630,0.45950136,0,0.46947268,0
15717,3633_0,0.04613773,0,0.051783863,0
15717,3633_204,0.051783863,0,0.051783863,0
213e2328-2bc9-4486-af7d-9d2c6b5c7192,955_0,0.561416,1,0.561416,1
14198,3368_0,0.9982509,1,0.9982509,1
20727fc0-b657-4888-9425-2be4da1f4129,817_0,0.99199283,1,0.99199283,1
22223149,1822_0,0.8982715,1,0.8982715,1
22223149,1822_279,0.8878671,1,0.8982715,1
e0fc0fab-3576-455b-9459-e868a605a99a,345_0,0.002404463,0,0.002404463,0
e0fc0fab-3576-455b-9459-e868a605a99a,345_359,0.0021380964,0,0.002404463,0
23147408,1681_0,0.18432836,0,0.18432836,0
15731,3641_0,0.9438472,1,0.9438472,1
15731,3641_210,0.61785966,1,0.9438472,1
21801416,1517_0,0.43592474,0,0.45558038,0
21801416,1517_296,0.45558038,0,0.45558038,0
25916817,1747_0,0.9521783,1,0.9521783,1
a69307cb-baac-478f-8785-872029b67390,713_0,0.98858416,1,0.98858416,1
15204,3558_0,0.9931293,1,0.9931293,1
15204,3558_235,0.71872467,1,0.9931293,1
5dc37d3d-4702-4f94-9f77-f1145f8e2c65,716_0,0.9869648,1,0.9869648,1
16691,3773_0,0.9975586,1,0.9975586,1
17715311,1014_0,0.9766837,1,0.9766837,1
20476566,1254_0,0.9317428,1,0.9317428,1
financebench_id_07010,2321_0,0.5026577,1,0.50885284,1
financebench_id_07010,2321_302,0.48686215,0,0.50885284,1
financebench_id_07010,2321_604,0.50885284,1,0.50885284,1
financebench_id_07010,2321_906,0.50865173,1,0.50885284,1
40020cae-57f6-4a0d-95ff-1f61f65d6678,385_0,0.26015836,0,0.26015836,0
financebench_id_06791,2129_0,0.5008592,1,0.5008592,1
financebench_id_06791,2129_314,0.49361122,0,0.5008592,1
financebench_id_09002,2766_0,0.52677923,1,0.52677923,1
financebench_id_09002,2766_333,0.49244836,0,0.52677923,1
financebench_id_09611,2807_0,0.53987944,1,0.53987944,1
financebench_id_09611,2807_351,0.5033637,1,0.53987944,1
13311,3255_0,0.7895879,1,0.7895879,1
13311,3255_176,0.27051413,0,0.7895879,1
financebench_id_01135,2955_0,0.59516525,1,0.59516525,1
10381996,1592_0,0.051392034,0,0.25271073,0
10381996,1592_285,0.25271073,0,0.25271073,0
5daefd35-2aca-4c15-a3e4-7886ab22c463,245_0,0.59623486,1,0.59623486,1
15198,3552_0,0.9945966,1,0.9945966,1
15198,3552_245,0.9924644,1,0.9945966,1
financebench_id_01720,2773_0,0.5247866,1,0.5247866,1
99c10414-055c-46cb-8e98-a8a1e8cd51e6,149_0,0.0019986387,0,0.0019986387,0
16357,3721_0,0.9976115,1,0.9976115,1
financebench_id_02971,2183_0,0.5125543,1,0.512566,1
financebench_id_02971,2183_311,0.512566,1,0.512566,1
financebench_id_02971,2183_622,0.4790374,0,0.512566,1
14196,3366_0,0.9980743,1,0.9980743,1
financebench_id_09662,2607_0,0.52337813,1,0.52337813,1
financebench_id_09662,2607_327,0.5161513,1,0.52337813,1
financebench_id_09662,2607_654,0.50414264,1,0.52337813,1
21767608,1911_0,0.9034481,1,0.9034481,1
15574174,1896_0,0.76225287,1,0.76225287,1
f703d43d-73fa-4fda-8913-d81bd5569700,34_0,0.21440352,0,0.21440352,0
financebench_id_04118,2729_0,0.54267204,1,0.54267204,1
financebench_id_04118,2729_330,0.510277,1,0.54267204,1
financebench_id_06673,2349_0,0.5409308,1,0.5409308,1
financebench_id_06673,2349_322,0.53005016,1,0.5409308,1
financebench_id_06673,2349_644,0.5286125,1,0.5409308,1
financebench_id_06673,2349_966,0.5091184,1,0.5409308,1
26894633,1648_0,0.11751946,0,0.3752965,0
26894633,1648_324,0.3752965,0,0.3752965,0
db5128aa-8f42-440c-a126-1140a6c13507,166_0,0.0022011288,0,0.0022011288,0
14814,3492_0,0.99727434,1,0.99810934,1
14814,3492_266,0.99810934,1,0.99810934,1
23702238,1876_0,0.016157657,0,0.09788691,0
23702238,1876_335,0.09788691,0,0.09788691,0
9665051,1399_0,0.9053498,1,0.9053498,1
12240,3060_0,0.9975231,1,0.99789727,1
12240,3060_240,0.99789727,1,0.99789727,1
12259,3067_0,0.6877656,1,0.6877656,1
22365295,1569_0,0.454104,0,0.454104,0
financebench_id_05713,2292_0,0.52519184,1,0.52519184,1
26936519,1181_0,0.8428306,1,0.8441626,1
26936519,1181_258,0.8441626,1,0.8441626,1
f0cb13ce-b5c9-4a59-9335-c87bf5bc011a,143_0,0.16331418,0,0.16331418,0
59f514cd-b9b1-4cd4-81ea-fe56591cb08a,804_0,0.993715,1,0.993715,1
dc0bbfc9-cd80-4a0d-b700-251bc9fd603e,229_0,0.0019110488,0,0.0019110488,0
25487603,1080_0,0.84819347,1,0.84819347,1
financebench_id_03434,2468_0,0.61878073,1,0.69704837,1
financebench_id_03434,2468_314,0.69704837,1,0.69704837,1
9153465,1420_0,0.94248635,1,0.94248635,1
9153465,1420_281,0.8603584,1,0.94248635,1
25287278,1435_0,0.8335037,1,0.8335037,1
26748611,1416_0,0.93084866,1,0.93084866,1
26748611,1416_291,0.90881175,1,0.93084866,1
59745eca-d6df-481b-9806-f86a3becee38,837_0,0.99153054,1,0.99153054,1
ba6bb894-8e10-483d-a6ae-3162c38dbbea,550_0,0.57216287,1,0.57216287,1
16497990,1164_0,0.89710134,1,0.89710134,1
f5ff3679-039b-4d31-ba9c-2b23bcdcf134,833_0,0.9910349,1,0.9910349,1
financebench_id_04133,2015_0,0.50759256,1,0.50759256,1
financebench_id_04133,2015_345,0.4896331,0,0.50759256,1
14861,3509_0,0.85589445,1,0.963651,1
14861,3509_233,0.963651,1,0.963651,1
17756,3896_0,0.9928877,1,0.99668914,1
17756,3896_287,0.99668914,1,0.99668914,1
22849512,1090_0,0.8135258,1,0.8539584,1
22849512,1090_268,0.8539584,1,0.8539584,1
20657867,1136_0,0.9268716,1,0.9268716,1
19237087,1060_0,0.120650165,0,0.120650165,0
financebench_id_00731,2764_0,0.4622779,0,0.4622779,0
financebench_id_00731,2764_325,0.42581978,0,0.4622779,0
14819,3497_0,0.99551183,1,0.99696666,1
14819,3497_229,0.99696666,1,0.99696666,1
14376,3414_0,0.99730706,1,0.9977775,1
14376,3414_188,0.9977775,1,0.9977775,1
950f2476-04a4-45ca-aa7c-9c6a4d34864c,589_0,0.99019825,1,0.99019825,1
financebench_id_08765,2576_0,0.6288326,1,0.77562743,1
financebench_id_08765,2576_336,0.77562743,1,0.77562743,1
financebench_id_04919,2647_0,0.499526,0,0.499526,0
financebench_id_04919,2647_323,0.4967005,0,0.499526,0
financebench_id_04919,2647_646,0.4660814,0,0.499526,0
financebench_id_04978,2411_0,0.5104726,1,0.5104726,1
financebench_id_04978,2411_317,0.47609654,0,0.5104726,1
581a25ed-56ca-4be7-aa0f-260959f3dd74,487_0,0.0019453836,0,0.0019453836,0
financebench_id_04578,2066_0,0.5257521,1,0.5257521,1
20401819,1010_0,0.87913334,1,0.87913334,1
17254,3862_0,0.8677343,1,0.87377053,1
17254,3862_254,0.87377053,1,0.87377053,1
25105978,1687_0,0.35355774,0,0.35355774,0
20549164,1192_0,0.86106473,1,0.86106473,1
13072,3196_0,0.08305395,0,0.25932825,0
13072,3196_282,0.25932825,0,0.25932825,0
a81ac703-0b94-4b30-8dea-f01fbe39720f,707_0,0.99475056,1,0.99475056,1
12522,3126_0,0.996678,1,0.996678,1
financebench_id_03820,2266_0,0.4796257,0,0.4796257,0
financebench_id_03820,2266_350,0.41687053,0,0.4796257,0
14352,3402_0,0.9967693,1,0.9967693,1
17934148,1187_0,0.8865536,1,0.8865536,1
17934148,1187_316,0.85056704,1,0.8865536,1
22668712,1019_0,0.14146483,0,0.14146483,0
008c309d-84bf-42c6-8123-376d749d50bd,14_0,0.508067,1,0.508067,1
15677,3617_0,0.008762567,0,0.008762567,0
15677,3617_239,0.0074508935,0,0.008762567,0
22436404,1961_0,0.1121409,0,0.20599277,0
22436404,1961_279,0.20599277,0,0.20599277,0
financebench_id_00634,2215_0,0.16255057,0,0.16255057,0
16460692,1156_0,0.854324,1,0.854324,1
16663,3763_0,0.9974426,1,0.9974426,1
financebench_id_06348,2810_0,0.52600735,1,0.52600735,1
financebench_id_06348,2810_328,0.5234542,1,0.52600735,1
financebench_id_06348,2810_656,0.51502496,1,0.52600735,1
financebench_id_06348,2810_984,0.47753423,0,0.52600735,1
296c12aa-a1b1-4977-8a70-e06b4a16d002,511_0,0.9896473,1,0.9896473,1
financebench_id_08119,2294_0,0.51280075,1,0.51280075,1
financebench_id_08119,2294_340,0.44225633,0,0.51280075,1
financebench_id_05656,2627_0,0.5046789,1,0.63064414,1
financebench_id_05656,2627_343,0.48307624,0,0.63064414,1
financebench_id_05656,2627_686,0.47901228,0,0.63064414,1
financebench_id_05656,2627_1029,0.5081512,1,0.63064414,1
financebench_id_05656,2627_1372,0.49537283,0,0.63064414,1
financebench_id_05656,2627_1715,0.49270862,0,0.63064414,1
financebench_id_05656,2627_2058,0.52648574,1,0.63064414,1
financebench_id_05656,2627_2401,0.63064414,1,0.63064414,1
financebench_id_08243,2127_0,0.5190484,1,0.5190484,1
14844,3498_0,0.9975739,1,0.9975739,1
14844,3498_253,0.9969875,1,0.9975739,1
c0ec9219-11c7-4a59-aedb-fc06a6e20f3a,849_0,0.9942789,1,0.9942789,1
5a6fd11f-fcbe-4711-9a96-bb0a8392483d,877_0,0.991273,1,0.991273,1
financebench_id_08269,2741_0,0.521538,1,0.521538,1
financebench_id_08269,2741_347,0.45463312,0,0.521538,1
23731651,1237_0,0.8128647,1,0.8128647,1
23731651,1237_314,0.7757786,1,0.8128647,1
c1084d20-57f9-4d4d-a154-766c1db9bde8,37_0,0.09812593,0,0.09812593,0
dddfdc79-a324-4f39-8951-30e865567059,201_0,0.23369166,0,0.23369166,0
23456798,1249_0,0.923211,1,0.923211,1
financebench_id_09056,2194_0,0.59091604,1,0.59091604,1
financebench_id_09056,2194_331,0.58280367,1,0.59091604,1
financebench_id_06474,2505_0,0.5797333,1,0.5797333,1
financebench_id_06474,2505_329,0.56844944,1,0.5797333,1
26696530,1719_0,0.685075,1,0.685075,1
ee5a777c-de12-4684-be63-1de33a3301e5,610_0,0.9856749,1,0.9856749,1
14357,3407_0,0.9954857,1,0.99741507,1
14357,3407_238,0.99741507,1,0.99741507,1
financebench_id_10245,2787_0,0.51422584,1,0.5205764,1
financebench_id_10245,2787_335,0.5205764,1,0.5205764,1
23676712,1696_0,0.06891845,0,0.06891845,0
12296,3074_0,0.9981232,1,0.9981232,1
8f9d31b7-7082-420a-8895-765ccbb9e83c,880_0,0.9938246,1,0.9938246,1
31ba666f-e627-4bce-bdb7-1d092760b34a,134_0,0.32429242,0,0.32429242,0
15688,3622_0,0.026100751,0,0.036919914,0
15688,3622_150,0.036627967,0,0.036919914,0
15688,3622_300,0.036919914,0,0.036919914,0
300a7164-38c1-4124-93b6-baa76cf0a96d,741_0,0.99519205,1,0.99519205,1
d7c74a2c-4789-4087-8aa4-3b637acb285e,628_0,0.974003,1,0.974003,1
27820933,1996_0,0.12556937,0,0.16766104,0
27820933,1996_271,0.16766104,0,0.16766104,0
04f796e2-1860-4455-905e-7479f0465000,253_0,0.0023815949,0,0.0023815949,0
financebench_id_06691,2750_0,0.5257805,1,0.5257805,1
financebench_id_06691,2750_345,0.5022695,1,0.5257805,1
7f09cd77-75f4-4fce-8bdd-110721362765,205_0,0.57329684,1,0.57329684,1
10973847,1856_0,0.2539359,0,0.2539359,0
7a64e52c-2221-4df1-a694-ea10455149f2,786_0,0.9900669,1,0.9900669,1
16151723,1169_0,0.9593683,1,0.9593683,1
11908,3004_0,0.88278437,1,0.88278437,1
11908,3004_225,0.8150842,1,0.88278437,1
financebench_id_01552,2291_0,0.009735088,0,0.6690467,1
financebench_id_01552,2291_338,0.6690467,1,0.6690467,1
81c232be-7efe-4e7f-b104-4f5f04b4435d,392_0,0.0016167377,0,0.0016167377,0
14398,3424_0,0.008498259,0,0.15437949,0
14398,3424_274,0.15437949,0,0.15437949,0
financebench_id_09726,2644_0,0.4996864,0,0.4996864,0
financebench_id_09726,2644_303,0.49275565,0,0.4996864,0
financebench_id_09726,2644_606,0.45410165,0,0.4996864,0
c96483f5-af70-4a91-af3a-ee5c7e5d85d4,811_0,0.9911628,1,0.9911628,1
24461085,1443_0,0.9594787,1,0.9594787,1
financebench_id_00313,2514_0,0.6822771,1,0.6822771,1
23251689,1414_0,0.97435474,1,0.97435474,1
23251689,1414_317,0.90216774,1,0.97435474,1
financebench_id_09553,2701_0,0.5370688,1,0.5370688,1
financebench_id_09553,2701_320,0.53123003,1,0.5370688,1
financebench_id_09553,2701_640,0.5085634,1,0.5370688,1
financebench_id_01349,2743_0,0.39526942,0,0.39526942,0
40106f12-5a41-4579-8ffb-9e7635adec83,418_0,0.004062074,0,0.004062074,0
25157773,1194_0,0.1764902,0,0.42794278,0
25157773,1194_306,0.42794278,0,0.42794278,0
financebench_id_03679,2609_0,0.64831525,1,0.64831525,1
financebench_id_03679,2609_335,0.6278942,1,0.64831525,1
financebench_id_03937,2397_0,0.43924788,0,0.43924788,0
12044,3020_0,0.9328911,1,0.9328911,1
12044,3020_191,0.46954703,0,0.9328911,1
financebench_id_02021,2857_0,0.5138717,1,0.5138717,1
13913,3329_0,0.98520446,1,0.98520446,1
660cbd19-c845-4ba4-9921-671d15dbcaa3,16_0,0.38401827,0,0.38401827,0
25223540,1291_0,0.8153025,1,0.84087855,1
25223540,1291_264,0.84087855,1,0.84087855,1
13560,3306_0,0.99609417,1,0.99609417,1
11904,3000_0,0.99678135,1,0.99678135,1
11904,3000_238,0.99654925,1,0.99678135,1
financebench_id_04395,2369_0,0.544849,1,0.544849,1
26103960,1215_0,0.797564,1,0.797564,1
26103960,1215_335,0.56904274,1,0.797564,1
16563,3753_0,0.9956025,1,0.9956025,1
16563,3753_146,0.930909,1,0.9956025,1
a75fa5b7-aef1-4bc9-8e52-af6f6ba74bcd,847_0,0.9818939,1,0.9818939,1
financebench_id_04151,2824_0,0.5717615,1,0.5717615,1
financebench_id_04151,2824_306,0.5686323,1,0.5717615,1
financebench_id_04151,2824_612,0.5536588,1,0.5717615,1
financebench_id_04151,2824_918,0.54396,1,0.5717615,1
financebench_id_04151,2824_1224,0.54355764,1,0.5717615,1
financebench_id_04151,2824_1530,0.5547071,1,0.5717615,1
3fc35d66-fe98-42a2-9139-ed5b147d542e,35_0,0.22789986,0,0.22789986,0
15629,3605_0,0.99611557,1,0.99631655,1
15629,3605_228,0.99631655,1,0.99631655,1
13291,3247_0,0.9947218,1,0.9947218,1
13291,3247_299,0.87828904,1,0.9947218,1
financebench_id_05180,2092_0,0.52032447,1,0.52032447,1
financebench_id_05180,2092_312,0.5082926,1,0.52032447,1
financebench_id_05180,2092_624,0.4737018,0,0.52032447,1
17578985,1089_0,0.9498668,1,0.9498668,1
financebench_id_00181,2535_0,0.3976549,0,0.3976549,0
17113061,1537_0,0.87790143,1,0.87790143,1
23395933,1439_0,0.10557348,0,0.10557348,0
87176942-b400-4fd3-a7d3-48183b54987d,87_0,0.19168945,0,0.44484612,0
87176942-b400-4fd3-a7d3-48183b54987d,87_368,0.44484612,0,0.44484612,0
financebench_id_09799,2802_0,0.5330546,1,0.5484193,1
financebench_id_09799,2802_329,0.5484193,1,0.5484193,1
financebench_id_09799,2802_658,0.5270316,1,0.5484193,1
financebench_id_09799,2802_987,0.50446373,1,0.5484193,1
20530429,1635_0,0.17541416,0,0.17541416,0
25432938,1550_0,0.8309819,1,0.8309819,1
1797497,1768_0,0.9222787,1,0.9222787,1
15734,3644_0,0.9964206,1,0.9964206,1
27153551,1484_0,0.8650811,1,0.8650811,1
27153551,1484_308,0.7536144,1,0.8650811,1
16361,3725_0,0.99556524,1,0.99556524,1
22534881,1580_0,0.9643406,1,0.9643406,1
26276306,1327_0,0.90333146,1,0.90333146,1
a9099041-12eb-4ed8-9f0d-3998184bcb37,384_0,0.0017862592,0,0.0017862592,0
financebench_id_09097,2122_0,0.66766155,1,0.6951962,1
financebench_id_09097,2122_326,0.6951962,1,0.6951962,1
98e5fe66-50b1-4801-8cf9-e5a28678a47c,800_0,0.9663041,1,0.9663041,1
25886616,1361_0,0.9636491,1,0.9636491,1
25886616,1361_325,0.9068313,1,0.9636491,1
financebench_id_05590,2947_0,0.48727736,0,0.49697474,0
financebench_id_05590,2947_304,0.49697474,0,0.49697474,0
financebench_id_05590,2947_608,0.4631168,0,0.49697474,0
23455575,1088_0,0.2335129,0,0.2335129,0
cb4949ef-661a-4e0d-89af-fd03ef2a8802,924_0,0.7664693,1,0.7664693,1
a3913ea2-6092-4768-989c-a3d4c2a81c60,301_0,0.3323693,0,0.3323693,0
16772,3776_0,0.7557219,1,0.7557219,1
financebench_id_07203,2641_0,0.5216458,1,0.5216458,1
financebench_id_07203,2641_314,0.51995695,1,0.5216458,1
financebench_id_07203,2641_628,0.50212896,1,0.5216458,1
financebench_id_07203,2641_942,0.46832868,0,0.5216458,1
7642a79f-c906-4e0c-aa6b-78cda7c0e0a9,982_0,0.3444232,0,0.3444232,0
17137506,1766_0,0.15373302,0,0.15373302,0
financebench_id_03084,2725_0,0.39594275,0,0.39594275,0
financebench_id_03084,2725_310,0.35154718,0,0.39594275,0
financebench_id_03084,2725_620,0.24438564,0,0.39594275,0
financebench_id_08833,2598_0,0.52484196,1,0.52484196,1
financebench_id_08833,2598_331,0.50493574,1,0.52484196,1
22059850,1292_0,0.9682275,1,0.9682275,1
3f33d8fc-7e18-4b5d-b0d1-9c120a3e5ead,773_0,0.9907211,1,0.9907211,1
01c67c32-9281-4d13-afd2-33aa922994dc,180_0,0.57361144,1,0.57361144,1
21088672,1468_0,0.9458346,1,0.9458346,1
financebench_id_05229,2816_0,0.61294603,1,0.61294603,1
financebench_id_05229,2816_308,0.60649294,1,0.61294603,1
financebench_id_05229,2816_616,0.5835487,1,0.61294603,1
financebench_id_05229,2816_924,0.5914235,1,0.61294603,1
financebench_id_06897,2115_0,0.51314104,1,0.51314104,1
financebench_id_06897,2115_304,0.5097719,1,0.51314104,1
financebench_id_06897,2115_608,0.5023801,1,0.51314104,1
8fac9dea-d6e7-4439-b822-943cab0abe47,13_0,0.1376867,0,0.1376867,0
0921fa8d-7593-4a5d-87f1-33170454cebc,387_0,0.43327132,0,0.43327132,0
financebench_id_04310,2351_0,0.6206796,1,0.6206796,1
financebench_id_04310,2351_320,0.5737263,1,0.6206796,1
financebench_id_04310,2351_640,0.56484747,1,0.6206796,1
10364743,1773_0,0.10766609,0,0.10766609,0
21068611,1833_0,0.12962912,0,0.12962912,0
e0685c96-c27f-4dd4-9a36-b2fe7463a48d,775_0,0.991959,1,0.991959,1
financebench_id_07856,2306_0,0.54129153,1,0.54129153,1
financebench_id_07856,2306_318,0.53005105,1,0.54129153,1
financebench_id_07856,2306_636,0.5219347,1,0.54129153,1
financebench_id_07856,2306_954,0.5103734,1,0.54129153,1
25058883,1385_0,0.88716114,1,0.88716114,1
financebench_id_04529,2014_0,0.45957458,0,0.45957458,0
financebench_id_04529,2014_327,0.4549769,0,0.45957458,0
financebench_id_04529,2014_654,0.3242212,0,0.45957458,0
17564,3884_0,0.6541637,1,0.8047547,1
17564,3884_169,0.8047547,1,0.8047547,1
27112610,1627_0,0.55688405,1,0.55688405,1
27112610,1627_292,0.5436759,1,0.55688405,1
a2ea2d15-157c-495e-8078-7634045e0643,872_0,0.47527516,0,0.47527516,0
financebench_id_05480,2139_0,0.6681117,1,0.6681117,1
15778,3658_0,0.27994832,0,0.27994832,0
15778,3658_236,0.015988614,0,0.27994832,0
77bb12b9-7197-4833-804a-88560e68eca6,189_0,0.39200866,0,0.39200866,0
13073,3197_0,0.830105,1,0.98894554,1
13073,3197_215,0.98894554,1,0.98894554,1
12704,3158_0,0.99636143,1,0.9971373,1
12704,3158_197,0.9971373,1,0.9971373,1
23356465,1574_0,0.9174595,1,0.9174595,1
financebench_id_03236,2471_0,0.5143162,1,0.5143162,1
financebench_id_03236,2471_343,0.45943567,0,0.5143162,1
financebench_id_05688,2086_0,0.5035261,1,0.5035261,1
financebench_id_05688,2086_322,0.49698478,0,0.5035261,1
financebench_id_05688,2086_644,0.49366817,0,0.5035261,1
financebench_id_05688,2086_966,0.45914152,0,0.5035261,1
financebench_id_06546,2625_0,0.6854056,1,0.7942377,1
financebench_id_06546,2625_313,0.7942377,1,0.7942377,1
financebench_id_09401,2885_0,0.4916968,0,0.4916968,0
financebench_id_09401,2885_344,0.40651613,0,0.4916968,0
financebench_id_01391,2499_0,0.09717311,0,0.09717311,0
7502d4c1-98e8-40bd-b314-738fbbcb297d,431_0,0.2546289,0,0.2546289,0
14745,3465_0,0.9885307,1,0.9885307,1
14745,3465_166,0.94436574,1,0.9885307,1
14507,3437_0,0.9932413,1,0.9932413,1
20967283,1655_0,0.18818189,0,0.48360515,0
20967283,1655_286,0.48360515,0,0.48360515,0
c2e2f268-7e95-4467-a0e0-d4052397685d,340_0,0.0026202092,0,0.0026202092,0
15477551,1563_0,0.12192908,0,0.12192908,0
financebench_id_04318,2888_0,0.53835326,1,0.5473903,1
financebench_id_04318,2888_294,0.5473903,1,0.5473903,1
financebench_id_04318,2888_588,0.52055925,1,0.5473903,1
e78fbf11-bb01-47f7-a9a6-c2e7026490bf,883_0,0.99302906,1,0.99302906,1
financebench_id_05664,2250_0,0.54154485,1,0.54154485,1
financebench_id_05664,2250_341,0.53080523,1,0.54154485,1
financebench_id_05664,2250_682,0.47281536,0,0.54154485,1
financebench_id_05132,2423_0,0.5304985,1,0.5304985,1
15971,3695_0,0.9216085,1,0.9216085,1
15971,3695_215,0.22370072,0,0.9216085,1
7ffd22a7-d24f-4cf3-aa1f-011ceb26a1da,207_0,0.37578905,0,0.37578905,0
11546720,1315_0,0.15696843,0,0.30431005,0
11546720,1315_339,0.30431005,0,0.30431005,0
14765,3479_0,0.70472324,1,0.70472324,1
14765,3479_254,0.70342976,1,0.70472324,1
1a7e9f62-3033-4d25-ba1a-3acfaa190811,20_0,0.0040418957,0,0.0040418957,0
18503057,1161_0,0.13079244,0,0.3807473,0
18503057,1161_317,0.3807473,0,0.3807473,0
financebench_id_00999,2238_0,0.039239723,0,0.21814525,0
financebench_id_00999,2238_332,0.21814525,0,0.21814525,0
fda62fc8-4818-4d2b-b577-e2930ba8188c,542_0,0.9913351,1,0.9913351,1
financebench_id_08367,2562_0,0.63679445,1,0.6863253,1
financebench_id_08367,2562_326,0.6863253,1,0.6863253,1
financebench_id_06716,2433_0,0.47714224,0,0.47746298,0
financebench_id_06716,2433_285,0.47746298,0,0.47746298,0
financebench_id_06716,2433_570,0.4211318,0,0.47746298,0
16898,3806_0,0.9970324,1,0.9970324,1
16898,3806_193,0.9967019,1,0.9970324,1
15343,3571_0,0.024659915,0,0.024659915,0
financebench_id_06245,2453_0,0.52449304,1,0.52449304,1
financebench_id_06245,2453_325,0.49353585,0,0.52449304,1
financebench_id_06350,2612_0,0.52577794,1,0.52577794,1
financebench_id_06350,2612_341,0.48710108,0,0.52577794,1
financebench_id_08401,2457_0,0.37229618,0,0.37229618,0
financebench_id_08401,2457_316,0.2485736,0,0.37229618,0
17399,3875_0,0.8020879,1,0.8020879,1
financebench_id_09029,2431_0,0.47728243,0,0.47728243,0
financebench_id_05924,2972_0,0.5249065,1,0.5249065,1
15000338,1087_0,0.43840048,0,0.43840048,0
17724290,1795_0,0.9662706,1,0.9662706,1
17724290,1795_320,0.8452581,1,0.9662706,1
15174,3540_0,0.99725,1,0.99725,1
9bf433b7-aad1-4db4-80f7-03e708a32e79,378_0,0.0018762989,0,0.0018762989,0
26921215,1748_0,0.19219357,0,0.19219357,0
14970115,1250_0,0.9687575,1,0.9687575,1
66a854ab-df50-4e97-b622-5a8692624bde,317_0,0.0025193058,0,0.0025193058,0
financebench_id_08264,2382_0,0.55059034,1,0.55059034,1
financebench_id_08264,2382_291,0.54252607,1,0.55059034,1
financebench_id_08264,2382_582,0.53562313,1,0.55059034,1
financebench_id_10036,2679_0,0.5558156,1,0.57508063,1
financebench_id_10036,2679_308,0.57508063,1,0.57508063,1
financebench_id_10036,2679_616,0.5402552,1,0.57508063,1
12557,3137_0,0.99460524,1,0.9968142,1
12557,3137_214,0.9968142,1,0.9968142,1
financebench_id_10238,2012_0,0.49906084,0,0.49906084,0
17758,3898_0,0.9279522,1,0.97114235,1
17758,3898_139,0.93746954,1,0.97114235,1
17758,3898_278,0.97114235,1,0.97114235,1
13105,3199_0,0.92970824,1,0.9536561,1
13105,3199_130,0.86191654,1,0.9536561,1
13105,3199_260,0.89093864,1,0.9536561,1
13105,3199_390,0.9536561,1,0.9536561,1
financebench_id_08798,2708_0,0.51249635,1,0.51249635,1
financebench_id_08798,2708_340,0.45872694,0,0.51249635,1
12299,3077_0,0.9978255,1,0.9978255,1
183173e7-1c40-4ea2-9d47-14dcb2ee78ae,844_0,0.9924419,1,0.9924419,1
11729377,1559_0,0.8184453,1,0.8184453,1
11729377,1559_285,0.7645984,1,0.8184453,1
11064345,1686_0,0.16891217,0,0.26644203,0
11064345,1686_318,0.26644203,0,0.26644203,0
financebench_id_05548,2611_0,0.5423879,1,0.55962765,1
financebench_id_05548,2611_309,0.55962765,1,0.55962765,1
financebench_id_05548,2611_618,0.5569892,1,0.55962765,1
financebench_id_05548,2611_927,0.53085554,1,0.55962765,1
financebench_id_05548,2611_1236,0.49672565,0,0.55962765,1
13157,3221_0,0.8561815,1,0.8561815,1
e9a97fb5-ffde-4877-af7a-b030a8b0bfa2,379_0,0.699787,1,0.699787,1
26774179,1451_0,0.26995972,0,0.26995972,0
26774179,1451_242,0.25886956,0,0.26995972,0
20632492,1458_0,0.430766,0,0.6367926,1
20632492,1458_322,0.6367926,1,0.6367926,1
financebench_id_02530,2716_0,0.83191425,1,0.83191425,1
17759,3899_0,0.9897141,1,0.99675024,1
17759,3899_300,0.99675024,1,0.99675024,1
16556668,1210_0,0.9122138,1,0.9374937,1
16556668,1210_295,0.9374937,1,0.9374937,1
46b19b58-d4ca-46a3-905a-9e2662212ab1,659_0,0.9929796,1,0.9929796,1
20065626,1128_0,0.9435061,1,0.9435061,1
bbc3aa7b-2306-4c02-bfdb-654e7ef0724c,797_0,0.99556196,1,0.99556196,1
17551944,1015_0,0.7398441,1,0.7398441,1
97e09663-7458-452a-9734-225caf62be1b,160_0,0.15681794,0,0.15681794,0
financebench_id_07219,2996_0,0.4969935,0,0.4969935,0
financebench_id_07219,2996_346,0.47577313,0,0.4969935,0
20831751,1776_0,0.7381009,1,0.7381009,1
financebench_id_00873,2937_0,0.46506992,0,0.46506992,0
financebench_id_07621,2267_0,0.52008957,1,0.52008957,1
financebench_id_05494,2241_0,0.50708157,1,0.50708157,1
financebench_id_05494,2241_344,0.49631515,0,0.50708157,1
24456863,1225_0,0.98197466,1,0.98197466,1
24456863,1225_271,0.94534165,1,0.98197466,1
24bdab7d-0a24-47d2-90ec-a83a38fa9a9f,262_0,0.0017187137,0,0.0017187137,0
2acc9cfc-ed29-43f4-acd5-d5dcd0af75fd,535_0,0.9768565,1,0.9768565,1
16418,3728_0,0.009666686,0,0.009950859,0
16418,3728_47,0.009950859,0,0.009950859,0
16418,3728_94,0.0072719115,0,0.009950859,0
16418,3728_141,0.006306516,0,0.009950859,0
16418,3728_188,0.0048989463,0,0.009950859,0
financebench_id_06668,2400_0,0.6381288,1,0.6381288,1
financebench_id_06668,2400_326,0.6001908,1,0.6381288,1
financebench_id_06668,2400_652,0.59032726,1,0.6381288,1
financebench_id_06668,2400_978,0.5434582,1,0.6381288,1
16857795,1995_0,0.9393852,1,0.9393852,1
13468,3292_0,0.36842707,0,0.36842707,0
13468,3292_221,0.24859111,0,0.36842707,0
54e4c873-9411-452f-8e36-252f9a482614,959_0,0.24170783,0,0.24170783,0
15246210,1402_0,0.92615455,1,0.92615455,1
17283,3867_0,0.8742658,1,0.99535865,1
17283,3867_286,0.99535865,1,0.99535865,1
5c28045f-f3ef-4927-9102-9f11f9d1cf7c,400_0,0.23272419,0,0.23272419,0
financebench_id_05115,2769_0,0.5117524,1,0.5117524,1
financebench_id_05115,2769_345,0.4885321,0,0.5117524,1
68f9daad-e0bd-4980-97f6-98e12c1623c0,566_0,0.4125407,0,0.4125407,0
25443020,1663_0,0.9428715,1,0.9428715,1
25443020,1663_295,0.7852219,1,0.9428715,1
dd02d07b-e7ba-44ed-b110-d9bbc0ec3716,906_0,0.2789859,0,0.2789859,0
cd7ee9cd-a91c-491a-bce8-2b3e8f87fd9b,760_0,0.992761,1,0.992761,1
14199,3369_0,0.9934261,1,0.9934261,1
14199,3369_211,0.98876697,1,0.9934261,1
financebench_id_08514,2774_0,0.50802535,1,0.50802535,1
financebench_id_08514,2774_311,0.5074521,1,0.50802535,1
financebench_id_08514,2774_622,0.4768453,0,0.50802535,1
18258429,1800_0,0.97352964,1,0.97352964,1
18258429,1800_314,0.82957214,1,0.97352964,1
15462,3582_0,0.9975981,1,0.9976809,1
15462,3582_247,0.9976809,1,0.9976809,1
financebench_id_06729,2371_0,0.71368754,1,0.7344632,1
financebench_id_06729,2371_323,0.7344632,1,0.7344632,1
16956164,1511_0,0.52256584,1,0.52256584,1
15485,3593_0,0.9940566,1,0.9940566,1
15485,3593_209,0.97456,1,0.9940566,1
15485,3593_418,0.98510563,1,0.9940566,1
16878,3792_0,0.995895,1,0.995895,1
16878,3792_155,0.97870195,1,0.995895,1
16878,3792_310,0.9937012,1,0.995895,1
27359351,1487_0,0.9328721,1,0.9328721,1
e97aa1ab-0fbe-4177-8248-fece7c7c9378,823_0,0.99589914,1,0.99589914,1
financebench_id_07983,2482_0,0.74457574,1,0.74457574,1
financebench_id_07174,2943_0,0.5400203,1,0.5559771,1
financebench_id_07174,2943_320,0.54653245,1,0.5559771,1
financebench_id_07174,2943_640,0.5559771,1,0.5559771,1
financebench_id_07174,2943_960,0.53533465,1,0.5559771,1
financebench_id_07174,2943_1280,0.5359896,1,0.5559771,1
financebench_id_07174,2943_1600,0.4761045,0,0.5559771,1
financebench_id_08830,2056_0,0.4747537,0,0.4747537,0
7a47cc56-0918-4092-b2f3-e84f7aa619c4,794_0,0.9865682,1,0.9865682,1
7a47cc56-0918-4092-b2f3-e84f7aa619c4,794_368,0.98422194,1,0.9865682,1
99a1b8be-8e8b-4e6c-a69d-5aacaa02f05c,549_0,0.93583775,1,0.93583775,1
financebench_id_10031,2384_0,0.51442397,1,0.51442397,1
16906,3814_0,0.9087652,1,0.9087652,1
financebench_id_07474,2332_0,0.51692593,1,0.5175723,1
financebench_id_07474,2332_327,0.5175723,1,0.5175723,1
financebench_id_07474,2332_654,0.5112639,1,0.5175723,1
financebench_id_07474,2332_981,0.46173128,0,0.5175723,1
814192dd-b1d1-4f04-a095-725bf04ad180,632_0,0.9812414,1,0.9812414,1
financebench_id_08965,2727_0,0.6446922,1,0.69030565,1
financebench_id_08965,2727_312,0.69030565,1,0.69030565,1
09a196c3-f6b8-48d6-b7f7-caf4df4a4113,269_0,0.0037267122,0,0.0037267122,0
financebench_id_03956,2549_0,0.5656679,1,0.5951778,1
financebench_id_03956,2549_330,0.5951778,1,0.5951778,1
financebench_id_01669,2213_0,0.64698786,1,0.64698786,1
financebench_id_04757,2867_0,0.7667669,1,0.7667669,1
financebench_id_08752,2531_0,0.48870766,0,0.48870766,0
financebench_id_08752,2531_318,0.48597056,0,0.48870766,0
financebench_id_08752,2531_636,0.44535235,0,0.48870766,0
financebench_id_07385,2894_0,0.5161707,1,0.69007623,1
financebench_id_07385,2894_352,0.69007623,1,0.69007623,1
23238923,1456_0,0.93387645,1,0.93387645,1
23238923,1456_284,0.68637764,1,0.93387645,1
16774,3778_0,0.3942377,0,0.3942377,0
16774,3778_177,0.28327408,0,0.3942377,0
7e02c03b-c4cb-45a0-b927-7821cdbf5168,655_0,0.95786446,1,0.95786446,1
7e02c03b-c4cb-45a0-b927-7821cdbf5168,655_353,0.9127351,1,0.95786446,1
25520328,1134_0,0.57997054,1,0.59457487,1
25520328,1134_299,0.59457487,1,0.59457487,1
059a3145-92b8-4dc3-9444-069c74d16a4b,812_0,0.9931277,1,0.9931277,1
16153,3715_0,0.98712105,1,0.98712105,1
20941651,1172_0,0.7423802,1,0.7423802,1
financebench_id_05316,2823_0,0.58597827,1,0.58597827,1
13444,3286_0,0.96199554,1,0.96199554,1
13444,3286_171,0.7920823,1,0.96199554,1
13444,3286_342,0.17804709,0,0.96199554,1
16483579,1278_0,0.89302546,1,0.89302546,1
7acfadd1-bb41-417d-85e7-8a301f970fd5,369_0,0.0031496002,0,0.0031496002,0
5557891f-7dc1-4f97-9cba-eb941c0e339d,112_0,0.0018440745,0,0.0018440745,0
23698732,1972_0,0.9608779,1,0.9608779,1
9a23e3a2-d1d4-46a7-b5ea-57f45850f0e3,953_0,0.18660508,0,0.6191679,1
9a23e3a2-d1d4-46a7-b5ea-57f45850f0e3,953_363,0.6191679,1,0.6191679,1
financebench_id_05346,2803_0,0.5035182,1,0.5035182,1
financebench_id_05346,2803_347,0.4928341,0,0.5035182,1
16565,3755_0,0.9976393,1,0.9976393,1
12619,3145_0,0.9967957,1,0.9967957,1
financebench_id_00849,2248_0,0.108591184,0,0.3989494,0
financebench_id_00849,2248_347,0.14939071,0,0.3989494,0
financebench_id_00849,2248_694,0.3989494,0,0.3989494,0
c952a52d-9c56-47cf-89a0-8f249a2e4992,197_0,0.0018639038,0,0.0018639038,0
16797,3783_0,0.0075469767,0,0.0075469767,0
16797,3783_165,0.005297966,0,0.0075469767,0
financebench_id_02084,2753_0,0.41917992,0,0.41917992,0
financebench_id_06016,2732_0,0.531063,1,0.531063,1
financebench_id_06016,2732_315,0.5242974,1,0.531063,1
financebench_id_06016,2732_630,0.5011925,1,0.531063,1
financebench_id_06193,2143_0,0.38056928,0,0.38056928,0
financebench_id_06193,2143_312,0.23396097,0,0.38056928,0
16775,3779_0,0.7008379,1,0.7008379,1
financebench_id_04709,2289_0,0.5019895,1,0.5019895,1
financebench_id_04709,2289_306,0.49661985,0,0.5019895,1
financebench_id_04709,2289_612,0.4634323,0,0.5019895,1
dcd0d4cf-d636-458f-84b0-66875c720023,640_0,0.99362344,1,0.99362344,1
financebench_id_09458,2516_0,0.55928886,1,0.55928886,1
25166298,1471_0,0.95934206,1,0.95934206,1
6e568055-d710-4474-8eec-26bb0dfc5124,984_0,0.35344023,0,0.35344023,0
financebench_id_03965,2593_0,0.5260316,1,0.5260316,1
financebench_id_03965,2593_318,0.5144893,1,0.5260316,1
financebench_id_03965,2593_636,0.5234716,1,0.5260316,1
financebench_id_03965,2593_954,0.5086873,1,0.5260316,1
financebench_id_03965,2593_1272,0.4931145,0,0.5260316,1
financebench_id_01958,2372_0,0.50689244,1,0.50689244,1
896f8bf7-8fa4-4a48-8dd0-7e911eccfe4c,206_0,0.0016404229,0,0.0016404229,0
13153,3217_0,0.9960025,1,0.9960025,1
26944117,1411_0,0.9777724,1,0.9777724,1
26944117,1411_320,0.9516165,1,0.9777724,1
14296,3394_0,0.34395334,0,0.34395334,0
14296,3394_256,0.30236465,0,0.34395334,0
26728088,1883_0,0.06659596,0,0.12590413,0
26728088,1883_292,0.12590413,0,0.12590413,0
ed3e7bd3-78f5-4ad3-b0af-cadcdacf99d6,470_0,0.35245642,0,0.35245642,0
90167be8-fae9-4b86-b242-ddba3319d6ef,64_0,0.14642946,0,0.14642946,0
financebench_id_01022,2082_0,0.48929578,0,0.6098375,1
financebench_id_01022,2082_347,0.6098375,1,0.6098375,1
financebench_id_08831,2478_0,0.5396361,1,0.5396361,1
financebench_id_00441,2355_0,0.47970623,0,0.47970623,0
17063,3833_0,0.18999474,0,0.18999474,0
0a0ff3fd-7489-4102-a41b-191cea40458c,153_0,0.002108915,0,0.002108915,0
0a0ff3fd-7489-4102-a41b-191cea40458c,153_350,0.0016366133,0,0.002108915,0
19302255,1897_0,0.95856297,1,0.95856297,1
00aea763-fa4c-4ed2-b06f-07a72a8b2674,685_0,0.71165866,1,0.71165866,1
financebench_id_01959,2592_0,0.55890197,1,0.55890197,1
26941538,1751_0,0.9496969,1,0.9496969,1
ad522de7-f0cd-495b-b0ce-b81457f24187,279_0,0.22356881,0,0.52713454,1
ad522de7-f0cd-495b-b0ce-b81457f24187,279_367,0.52713454,1,0.52713454,1
0420a4f4-fc96-4436-a6c7-fc799f0f6acd,187_0,0.0017946792,0,0.0017946792,0
5e0c6cb9-ba30-4f92-bd26-b2bca9b7893e,762_0,0.9956606,1,0.9956606,1
bcf54b9b-03b0-4e4f-af05-510c146be791,769_0,0.9790694,1,0.9790694,1
26061619,1470_0,0.78105783,1,0.78105783,1
15689,3623_0,0.43908507,0,0.9166503,1
15689,3623_234,0.9166503,1,0.9166503,1
ed11e092-ed66-49a9-a3c1-d611b9f4d1ad,750_0,0.99172467,1,0.99172467,1
financebench_id_07419,2363_0,0.56357765,1,0.56357765,1
financebench_id_07419,2363_334,0.5309027,1,0.56357765,1
23902985,1683_0,0.106806405,0,0.106806405,0
financebench_id_09664,2095_0,0.49667984,0,0.49667984,0
financebench_id_09664,2095_341,0.46366626,0,0.49667984,0
financebench_id_04675,2667_0,0.50991404,1,0.51192427,1
financebench_id_04675,2667_322,0.51192427,1,0.51192427,1
financebench_id_04675,2667_644,0.49901953,0,0.51192427,1
financebench_id_04675,2667_966,0.44314483,0,0.51192427,1
financebench_id_04212,2309_0,0.5157514,1,0.5157514,1
financebench_id_04212,2309_332,0.4845762,0,0.5157514,1
financebench_id_06785,2509_0,0.50498503,1,0.50498503,1
financebench_id_06785,2509_334,0.43671998,0,0.50498503,1
25463823,1702_0,0.20995979,0,0.20995979,0
financebench_id_07272,2184_0,0.5216583,1,0.5216583,1
financebench_id_07272,2184_346,0.47810948,0,0.5216583,1
13493,3299_0,0.9963404,1,0.9963404,1
13493,3299_202,0.9935982,1,0.9963404,1
13741,3319_0,0.9976903,1,0.9976903,1
financebench_id_05742,2915_0,0.49491042,0,0.4973739,0
financebench_id_05742,2915_342,0.4973739,0,0.4973739,0
financebench_id_05742,2915_684,0.4441966,0,0.4973739,0
c9686f33-a177-4f95-8436-9310d672e406,315_0,0.0016811048,0,0.0016811048,0
financebench_id_03553,2326_0,0.57830006,1,0.57830006,1
financebench_id_03553,2326_291,0.5441082,1,0.57830006,1
financebench_id_03554,2016_0,0.5185547,1,0.5185547,1
financebench_id_03554,2016_301,0.51646245,1,0.5185547,1
financebench_id_03554,2016_602,0.47323707,0,0.5185547,1
21663658,1461_0,0.63552237,1,0.63552237,1
13532,3302_0,0.8542483,1,0.8542483,1
13139,3215_0,0.8133554,1,0.8253541,1
13139,3215_145,0.8253541,1,0.8253541,1
financebench_id_10449,2982_0,0.42528632,0,0.42528632,0
financebench_id_10449,2982_300,0.3152244,0,0.42528632,0
13465,3289_0,0.9828745,1,0.9828745,1
13465,3289_284,0.7097488,1,0.9828745,1
financebench_id_00571,2409_0,0.59922564,1,0.76207674,1
financebench_id_00571,2409_349,0.559878,1,0.76207674,1
financebench_id_00571,2409_698,0.76207674,1,0.76207674,1
ba8d4956-77d8-49df-ba6f-90eb7f579f8d,994_0,0.64861596,1,0.64861596,1
17375706,1860_0,0.97124195,1,0.97124195,1
f16c0ee7-f131-4a8b-a6ac-4d275ea68066,46_0,0.23322958,0,0.23322958,0
16466,3740_0,0.6838876,1,0.6838876,1
financebench_id_03613,2484_0,0.5185391,1,0.5301346,1
financebench_id_03613,2484_328,0.5301346,1,0.5301346,1
financebench_id_03613,2484_656,0.5220032,1,0.5301346,1
financebench_id_03613,2484_984,0.5006096,1,0.5301346,1
financebench_id_06062,2640_0,0.7253812,1,0.74522126,1
financebench_id_06062,2640_319,0.7043268,1,0.74522126,1
financebench_id_06062,2640_638,0.63782305,1,0.74522126,1
financebench_id_06062,2640_957,0.74522126,1,0.74522126,1
18751465,1853_0,0.9709499,1,0.9709499,1
20607217,1775_0,0.34771475,0,0.4297444,0
20607217,1775_336,0.4297444,0,0.4297444,0
25401746,1895_0,0.9602927,1,0.96985966,1
25401746,1895_273,0.96985966,1,0.96985966,1
24c508bf-367b-44ac-960e-eb974ff1afd7,613_0,0.9782485,1,0.9782485,1
15475453,1880_0,0.08356164,0,0.08356164,0
14743,3463_0,0.99596196,1,0.99596196,1
78f47611-5119-42dc-af43-f40dcfd6fe96,8_0,0.16645847,0,0.16645847,0
financebench_id_02038,2918_0,0.38675344,0,0.38675344,0
17624643,1300_0,0.96380246,1,0.96380246,1
10565749,1698_0,0.8963,1,0.8963,1
financebench_id_08148,2136_0,0.40187916,0,0.40187916,0
financebench_id_08148,2136_314,0.36338422,0,0.40187916,0
financebench_id_08148,2136_628,0.21788442,0,0.40187916,0
19077458,1492_0,0.91865134,1,0.91865134,1
23347337,1053_0,0.69294435,1,0.69294435,1
bbd452c6-f047-4f57-97a0-9608d255846a,21_0,0.0042561362,0,0.0042561362,0
13043,3191_0,0.8202464,1,0.9883986,1
13043,3191_131,0.95968825,1,0.9883986,1
13043,3191_262,0.9883986,1,0.9883986,1
financebench_id_09389,2171_0,0.5140781,1,0.5140781,1
17912373,1190_0,0.8917311,1,0.8917311,1
4eff52f2-f240-4cc4-a97d-b3f6305f5dbb,472_0,0.46355394,0,0.46355394,0
financebench_id_09249,2243_0,0.61704284,1,0.61704284,1
205b0d70-82cd-4dff-8045-acd0550f2dc6,527_0,0.9893114,1,0.9893114,1
2500b5ab-4b76-454a-8a03-01873e6bffd1,534_0,0.99431854,1,0.99431854,1
financebench_id_02466,2148_0,0.77463436,1,0.77463436,1
13138,3214_0,0.97711664,1,0.99416465,1
13138,3214_78,0.99077344,1,0.99416465,1
13138,3214_156,0.9917523,1,0.99416465,1
13138,3214_234,0.99416465,1,0.99416465,1
13744,3322_0,0.8055621,1,0.8055621,1
9142039,1008_0,0.911196,1,0.911196,1
9142039,1008_311,0.79053783,1,0.911196,1
03074e4c-5e32-4625-8934-78dec716e3f1,852_0,0.991381,1,0.991381,1
financebench_id_06132,2897_0,0.5168111,1,0.5251318,1
financebench_id_06132,2897_289,0.5251318,1,0.5251318,1
financebench_id_06132,2897_578,0.5119922,1,0.5251318,1
financebench_id_06132,2897_867,0.47510558,0,0.5251318,1
16507,3745_0,0.43415672,0,0.43415672,0
2b33e8e3-061b-47c6-8584-f66dcaec6d1f,330_0,0.00347895,0,0.00347895,0
2b33e8e3-061b-47c6-8584-f66dcaec6d1f,330_359,0.0029864924,0,0.00347895,0
26471488,1012_0,0.10403669,0,0.28376415,0
26471488,1012_330,0.28376415,0,0.28376415,0
financebench_id_02844,2827_0,0.6570664,1,0.69290346,1
financebench_id_02844,2827_333,0.69290346,1,0.69290346,1
23837454,1641_0,0.13815078,0,0.13815078,0
27261559,1293_0,0.92432773,1,0.92432773,1
9175815,1126_0,0.943342,1,0.943342,1
9175815,1126_325,0.9049534,1,0.943342,1
16936,3820_0,0.9812874,1,0.99259347,1
16936,3820_190,0.99259347,1,0.99259347,1
13912,3328_0,0.4344879,0,0.4344879,0
23826518,1871_0,0.9774563,1,0.9774563,1
financebench_id_07077,2826_0,0.53370655,1,0.53370655,1
financebench_id_07077,2826_328,0.5256913,1,0.53370655,1
financebench_id_07077,2826_656,0.51366025,1,0.53370655,1
financebench_id_00470,2668_0,0.16622713,0,0.34868357,0
financebench_id_00470,2668_332,0.34868357,0,0.34868357,0
financebench_id_04050,2099_0,0.52740514,1,0.52740514,1
financebench_id_04050,2099_330,0.5125592,1,0.52740514,1
16893,3801_0,0.6995717,1,0.6995717,1
23362302,1758_0,0.9745179,1,0.9745179,1
financebench_id_01196,2739_0,0.45006123,0,0.45006123,0
26852225,1577_0,0.038272254,0,0.038272254,0
financebench_id_03634,2889_0,0.60339105,1,0.60339105,1
financebench_id_03634,2889_322,0.55090654,1,0.60339105,1
financebench_id_03634,2889_644,0.5450919,1,0.60339105,1
financebench_id_03634,2889_966,0.54733276,1,0.60339105,1
41ceae2f-706f-4422-abaa-39873c203a63,146_0,0.0020523737,0,0.0020523737,0
14805,3489_0,0.087488644,0,0.087488644,0
fa8b2cbd-06ed-44a9-bfd8-8e13b789b0cf,91_0,0.003999119,0,0.003999119,0
financebench_id_06584,2908_0,0.5229957,1,0.5229957,1
financebench_id_06584,2908_342,0.49430212,0,0.5229957,1
financebench_id_00162,2470_0,0.4933486,0,0.4933486,0
financebench_id_00162,2470_330,0.47154158,0,0.4933486,0
27068707,1441_0,0.811766,1,0.94013166,1
27068707,1441_301,0.94013166,1,0.94013166,1
12012,3006_0,0.99160516,1,0.9918467,1
12012,3006_229,0.9918467,1,0.9918467,1
financebench_id_02905,2630_0,0.5311775,1,0.5311775,1
financebench_id_02905,2630_341,0.5029644,1,0.5311775,1
financebench_id_07346,2855_0,0.5362585,1,0.5362585,1
financebench_id_05086,2790_0,0.5071881,1,0.51420015,1
financebench_id_05086,2790_285,0.51420015,1,0.51420015,1
financebench_id_05086,2790_570,0.47954354,0,0.51420015,1
27379395,1106_0,0.17231236,0,0.32685405,0
27379395,1106_319,0.32685405,0,0.32685405,0
23574760,1659_0,0.20128343,0,0.20128343,0
284dae0c-53fa-4b20-8162-37028792481c,98_0,0.34034592,0,0.6179731,1
284dae0c-53fa-4b20-8162-37028792481c,98_362,0.6179731,1,0.6179731,1
107a4dce-b052-4cae-a2ad-d018ece621c2,103_0,0.46074283,0,0.46074283,0
4600e413-5dc2-480f-a561-631214c52782,22_0,0.25188354,0,0.25188354,0
9b2e5633-cd00-4483-87a0-4583b636371f,801_0,0.9829049,1,0.9829049,1
financebench_id_02598,2279_0,0.5165432,1,0.5165432,1
financebench_id_02598,2279_330,0.50908756,1,0.5165432,1
financebench_id_02598,2279_660,0.4806991,0,0.5165432,1
financebench_id_01478,2076_0,0.27473795,0,0.27473795,0
21352264,1608_0,0.09503317,0,0.33002684,0
21352264,1608_295,0.33002684,0,0.33002684,0
ecd22d8e-a20a-4517-9eca-3022d0a1e62f,127_0,0.0016734971,0,0.0016734971,0
14134,3364_0,0.10437467,0,0.10437467,0
22309212,1927_0,0.89224666,1,0.89224666,1
31b36417-aad1-412c-b0e5-9c1faaed233f,4_0,0.14609799,0,0.14609799,0
02fe6c20-99f9-4bfb-8256-5acfda79cddf,466_0,0.0032218916,0,0.0032218916,0
financebench_id_09901,2508_0,0.5150272,1,0.5150272,1
financebench_id_05571,2977_0,0.536424,1,0.536424,1
financebench_id_05571,2977_306,0.52224815,1,0.536424,1
financebench_id_05571,2977_612,0.52986866,1,0.536424,1
financebench_id_05571,2977_918,0.5098214,1,0.536424,1
15466,3586_0,0.9831911,1,0.9960532,1
15466,3586_218,0.9960532,1,0.9960532,1
43a3d918-2f8f-4b24-9f03-a7052902c8a3,918_0,0.59690976,1,0.59690976,1
financebench_id_01916,2408_0,0.41711292,0,0.41711292,0
financebench_id_07547,2383_0,0.49832034,0,0.49832034,0
2737d50d-ea29-41ba-8b20-54e6d1bdab0a,997_0,0.37402025,0,0.37402025,0
cad26fc0-b232-4a79-9459-2f8509b67e9c,894_0,0.9862926,1,0.9862926,1
2d55d8e7-cc38-4db0-be01-61a6a8c28839,263_0,0.0033737365,0,0.0033737365,0
14099,3359_0,0.9967775,1,0.9967775,1
24884452,1981_0,0.33866227,0,0.33866227,0
17390095,1971_0,0.18149754,0,0.18149754,0
3c983147-6fd2-4d6e-969f-ff1770d3d212,969_0,0.523213,1,0.523213,1
23684751,1477_0,0.9260293,1,0.9260293,1
23684751,1477_313,0.8765401,1,0.9260293,1
e3301aaf-848e-44a1-b76a-20791ef6c55d,860_0,0.98776037,1,0.98776037,1
financebench_id_02979,2730_0,0.52619773,1,0.52803063,1
financebench_id_02979,2730_325,0.52803063,1,0.52803063,1
financebench_id_02979,2730_650,0.5193864,1,0.52803063,1
financebench_id_02979,2730_975,0.4584563,0,0.52803063,1
financebench_id_06140,2752_0,0.5023117,1,0.5060503,1
financebench_id_06140,2752_328,0.5060503,1,0.5060503,1
financebench_id_06140,2752_656,0.5034192,1,0.5060503,1
financebench_id_06140,2752_984,0.481875,0,0.5060503,1
4e968686-319f-4d94-b490-652220cf1575,313_0,0.0025792157,0,0.0025792157,0
12460,3112_0,0.08739048,0,0.10593446,0
12460,3112_47,0.10593446,0,0.10593446,0
12460,3112_94,0.094612,0,0.10593446,0
12460,3112_141,0.09556266,0,0.10593446,0
12460,3112_188,0.104066744,0,0.10593446,0
21346095,1386_0,0.8592496,1,0.8592496,1
b95e844a-ec8c-4587-8a19-37b9907c2620,820_0,0.98725337,1,0.98725337,1
12071,3029_0,0.99594146,1,0.99594146,1
fd37e49d-1f0a-419b-ade5-71230f2a339d,161_0,0.0018790934,0,0.0018790934,0
15456,3576_0,0.9977794,1,0.9977794,1
financebench_id_00154,2951_0,0.4960548,0,0.4960548,0
financebench_id_09949,2154_0,0.5497716,1,0.56505257,1
financebench_id_09949,2154_335,0.56505257,1,0.56505257,1
financebench_id_09949,2154_670,0.5378817,1,0.56505257,1
14689,3445_0,0.9951342,1,0.9980844,1
14689,3445_291,0.9980844,1,0.9980844,1
financebench_id_09420,2642_0,0.5255284,1,0.5255284,1
financebench_id_09420,2642_329,0.49366045,0,0.5255284,1
financebench_id_07328,2426_0,0.4926523,0,0.4926523,0
financebench_id_07328,2426_334,0.4787855,0,0.4926523,0
financebench_id_07328,2426_668,0.47799343,0,0.4926523,0
f466f6ff-52c1-41d2-aabf-45adc57527fa,119_0,0.002437855,0,0.002437855,0
15463,3583_0,0.9962613,1,0.9962613,1
16156,3718_0,0.97298765,1,0.97298765,1
15482,3590_0,0.99710256,1,0.99710256,1
15482,3590_251,0.9951748,1,0.99710256,1
17762289,1214_0,0.942441,1,0.942441,1
17762289,1214_299,0.8642781,1,0.942441,1
18719439,1455_0,0.8902625,1,0.8902625,1
13376,3272_0,0.99615186,1,0.9969501,1
13376,3272_229,0.9969501,1,0.9969501,1
12344,3086_0,0.99443454,1,0.99443454,1
12344,3086_261,0.9938693,1,0.99443454,1
26260798,1956_0,0.042363595,0,0.042363595,0
d512aa81-1559-41a8-8e28-2343546bd7d2,645_0,0.9790895,1,0.98493564,1
d512aa81-1559-41a8-8e28-2343546bd7d2,645_364,0.98493564,1,0.98493564,1
13292,3248_0,0.9466989,1,0.9466989,1
13292,3248_269,0.80603695,1,0.9466989,1
16059,3699_0,0.025789417,0,0.025789417,0
financebench_id_08388,2437_0,0.7275176,1,0.73660195,1
financebench_id_08388,2437_311,0.67605615,1,0.73660195,1
financebench_id_08388,2437_622,0.6997817,1,0.73660195,1
financebench_id_08388,2437_933,0.73660195,1,0.73660195,1
14802,3486_0,0.99007416,1,0.99007416,1
financebench_id_02852,2044_0,0.6273024,1,0.7019529,1
financebench_id_02852,2044_317,0.7019529,1,0.7019529,1
financebench_id_05034,2859_0,0.52031434,1,0.52031434,1
financebench_id_05034,2859_302,0.5172655,1,0.52031434,1
financebench_id_05034,2859_604,0.479537,0,0.52031434,1
20594006,1003_0,0.1326013,0,0.45065606,0
20594006,1003_313,0.45065606,0,0.45065606,0
93944496-8d4b-49d5-8c78-a4f1ac8c544a,571_0,0.9961771,1,0.9961771,1
c4e40c10-002c-4392-820a-4d18139ca8a3,268_0,0.0021313406,0,0.0021313406,0
85c0443f-49ae-4132-8a0e-84a7a698f3bc,257_0,0.002595303,0,0.002595303,0
financebench_id_10227,2953_0,0.557937,1,0.557937,1
financebench_id_10227,2953_313,0.5259782,1,0.557937,1
11164124,1313_0,0.96355295,1,0.96355295,1
14748,3468_0,0.99769896,1,0.99769896,1
15464,3584_0,0.9966419,1,0.99689734,1
15464,3584_259,0.99689734,1,0.99689734,1
20573805,1296_0,0.9239642,1,0.9239642,1
financebench_id_05629,2782_0,0.5228804,1,0.5228804,1
9555b283-c5a8-467a-b0bd-84ca6bdd54c0,293_0,0.5851028,1,0.5851028,1
financebench_id_05288,2868_0,0.6242647,1,0.6301588,1
financebench_id_05288,2868_302,0.6301588,1,0.6301588,1
15838438,1612_0,0.939238,1,0.939238,1
24664750,1447_0,0.9424288,1,0.9424288,1
24664750,1447_313,0.9053938,1,0.9424288,1
