query,category
How do I edit my details?,edit_personal_details
is there a charge on withdrawals?,cash_withdrawal_charge
Why am I seeing a fee for transferring money?,transfer_fee_charged
"I keep trying to make a payment, but it doesn't work.",declined_card_payment
Do you have a children account available?,age_limit
Why is the exchange rate on my card payment different than I expected?,card_payment_wrong_exchange_rate
After transfering some money my balance hasn't changed.,balance_not_updated_after_bank_transfer
Can you please advise if there is something wrong with my card? I have had multiple rejections and do not know the reason. Thanks!,declined_card_payment
I'm suddenly getting an error while attempting a transfer that it isn't possible. Why? I've done it before.,beneficiary_not_allowed
How do I add my new card?,card_linking
Google play top up help?,apple_pay_or_google_pay
The exchange rate was wrong in the foreign country I got cash in.,wrong_exchange_rate_for_cash_withdrawal
please cancel the transaction,cancel_transfer
"I topped up and went to buy something, but it says that my funds are pending. Is there a way to quicken this process?",pending_top_up
"Needed gas, been delayed for half an hour.Please fix it!",pending_top_up
"I'd rather not use my physical card, how can I get a virtual card?",getting_virtual_card
"If I lost my phone, what steps do I need to take to stop someone from using my account?",lost_or_stolen_phone
Please provide me with the restrictions of the disposable cards.,disposable_card_limits
How can I top up my card with another card?,supported_cards_and_currencies
Why does it show that my transfer is still pending?,pending_transfer
Can currencies be exchanged on this app?,exchange_via_app
can i top up from a usa credit card,supported_cards_and_currencies
I need to freeze my card. There are charges on there that i did not authorize. They've been coming out for a couple of days. Can i get this money back?,card_payment_not_recognised
"If I found an error in my account for a transaction I didn't make, how long to I have to dispute it?",direct_debit_payment_not_recognised
Are there any fees to get additional cards?,getting_spare_card
Please help me cancel a transaction.,cancel_transfer
I did a card payment but its status is still coming as pending. Please check and inform when it would complete.,pending_card_payment
Why did my card payment not work?,declined_card_payment
I question today's exchange rate for rubles into pounds. I was hoping for a better return.,card_payment_wrong_exchange_rate
How long is the wait for a money transfer to post?,pending_transfer
What would I be charged in receiving a SEPA transfer?,top_up_by_bank_transfer_charge
Why have I been charged an extra pound?,extra_charge_on_statement
How come I got charged extra for withdrawing cash?,cash_withdrawal_charge
What do I do after my card expires?,card_about_to_expire
Where can I get a physical card?,order_physical_card
What is the way to go about getting a virtual card?,getting_virtual_card
Are all fiat currencies supported?,fiat_currency_support
I have cancelled payments to this card.,reverted_card_payment?
There is unusual activity on my account and I believe someone took my card.,compromised_card
"When I travel, can it automatically add money in certain intervals?",automatic_top_up
Why can I not get cash from the ATM?,declined_cash_withdrawal
What value can I get for my currency?,exchange_rate
Are there going to be fees from adding money with an international card?,top_up_by_card_charge
Was I charged extra for using my card?,card_payment_fee_charged
How long does a transfer take to reach one's account.,transfer_timing
Has my top-up gone through?,top_up_reverted
Why hasn't payment gone through yet?,pending_card_payment
"How can I get my money back on an order. I haven't gotten the item yet, so I want to cancel the order. How?",request_refund
My top up says it is still pending,pending_top_up
"I need to top up, can I use google pay?",apple_pay_or_google_pay
Why are top-ups being verified?,verify_top_up
I took out money and there is a fee.  Why?,cash_withdrawal_charge
The app is showing mt withdrawals that aren't  mine.,cash_withdrawal_not_recognised
I was just needing to know why my card got declined,declined_card_payment
Instructions for activating card,activate_my_card
how long will my cash withdrawal be pending for?,pending_cash_withdrawal
Please help revert my transaction from this morning.,cancel_transfer
The exchange rate looks wrong on a holiday purchase,card_payment_wrong_exchange_rate
"My money has gone missing. I had recently added money in, and saw it was there and went through. Now it's missing. What is happening?",top_up_reverted
I don't want to give you all my identify details.,why_verify_identity
I made a transfer the day before yesterday within this country. It is still not showing up at all. I have double-checked and the account number is certainly right. I've actually type this multiple times. can you look into what is going on here?,transfer_not_received_by_recipient
What is wrong with the exchange rate? This should have been a much higher amount of cash for that to apply.,wrong_exchange_rate_for_cash_withdrawal
There is a strange payment on my card and I don't know what to do.,card_payment_not_recognised
How long will my transaction take?,transfer_not_received_by_recipient
I need a refund. This is not what i wanted.,request_refund
How do I exchange AUD for GBP?,exchange_via_app
Can I top up online?,top_up_by_cash_or_cheque
What is this extra fee on my statement.,extra_charge_on_statement
How do I go about verifying my identity?,verify_my_identity
How do i verify my card?,verify_top_up
I would like to cancel a transfer...is this possible?,cancel_transfer
Can I track when my card will be delivered?,card_arrival
"Hello, in these holidays i have been overcharged on the amount i have withdrawn on one of your ATMs. I did not had any clue about the horrible charges otherwise i would not have withdrawn.",wrong_exchange_rate_for_cash_withdrawal
Why can't a beneficiary receive a money transfer from me?,beneficiary_not_allowed
I was informed that transfers were free. I noticed I have a fee but why?,transfer_fee_charged
I can't find the top-up card verification code.,verify_top_up
How can I find out about an extra fee on my statement?,extra_charge_on_statement
I just looked over my statement and I don't recognize the name of a card payment.,card_payment_not_recognised
i need help finding the auto top up option.,automatic_top_up
I made a transfer but my balance hasn't been updated,balance_not_updated_after_bank_transfer
How can I close my account?,terminate_account
Why isn't my cheque deposit showing on my account?  I though it would be faster and would like to to look into it and help.,balance_not_updated_after_cheque_or_cash_deposit
There is a €1 extra fee in my statement,extra_charge_on_statement
Where is this card accepted?,card_acceptance
"Do you not accept crypto transfers from certain places? Because when I tried to do a top up the money just disappeared. Im not sure what to do or what I'm doing wrong, please help.",top_up_reverted
I thought you guys offered free transfers. Why was I charged?,transfer_fee_charged
A transaction is showing more than once.,transaction_charged_twice
"In the app, I see a withdrawal I didn't make.",cash_withdrawal_not_recognised
I have an unknown direct debit payment on my account,direct_debit_payment_not_recognised
Is there an auto top up feature?,automatic_top_up
I have made several unsuccessful attempts to make a transfer.  I'm getting frustrated at getting error messages and it not going through.,beneficiary_not_allowed
why do i have a failed transfer,failed_transfer
I've made more than one attempt to make a purchase and the card keeps getting declined. Why do you keep denying my transfers?,declined_transfer
How can I verify my top-up card?,verify_top_up
I am having trouble withdrawing cash.,declined_cash_withdrawal
my phone was lost,lost_or_stolen_phone
Who can have access to top up my account?,topping_up_by_card
"I want to reactivate my card, I thought I had lost it but found it again in my jacket this morning.",card_linking
Can I choose when my card is delivered?,card_delivery_estimate
How is the exchange rate doing?,exchange_rate
Why was I double charged?,transaction_charged_twice
I think you reverted my top up.,top_up_reverted
What's taking so long for this payment to go through?,pending_card_payment
"I am wanting to refill my card, is there a charge?",top_up_by_card_charge
Please tell me why I was charged additionally when I used the card.,card_payment_fee_charged
would a visa or mastercard be more suited to me?,visa_or_mastercard
I've already tried 5 times to complete a transfer that's just standard. What's the deal? Is your system down at this time?,failed_transfer
I requested $100 but only got $20,wrong_amount_of_cash_received
The $1.00 has still not been reverted as indicated in the previous email.,extra_charge_on_statement
the money i transferred didnt arrive,transfer_not_received_by_recipient
My PIN was entered wrong and now I am blocked.  Please unblock.,pin_blocked
How can I switch on my new card?,activate_my_card
Can I receive my card anywhere?,order_physical_card
I have been charged twice this week for a couple of things on my card. Can you please check this out for me and return the double charged items back?,transaction_charged_twice
I made a transfer from my UK account a couple of hours ago.  Could you please make sure everything went alright.,balance_not_updated_after_bank_transfer
What do I do to get ahold of my own card?,order_physical_card
How long does it take for a top-up?,pending_top_up
How can I verify if a cash withdrawal was made from my account? I still have my card with me but I did not authorize the withdrawal that just occurred.,cash_withdrawal_not_recognised
Can you please refund my item?,request_refund
can i get a physical card online,order_physical_card
Is there any cost to change foreign money to local?,exchange_charge
When I topped up the app has seemed to reverted it.,top_up_reverted
how long should I expect to wait for my card to arrive?,card_delivery_estimate
What do I do if I got the wrong amount at the ATM?,wrong_amount_of_cash_received
Can somebody else top up my account?,topping_up_by_card
Can you check the exchange rate on a cash transaction I did overseas,wrong_exchange_rate_for_cash_withdrawal
"Hi, I made a transfer from France two days ago and thought it would be here by now. Can you give me an update please?",balance_not_updated_after_bank_transfer
I am still waiting for my card.,card_arrival
I'm still waiting on a payment,pending_card_payment
I need to get visa and mastercard,visa_or_mastercard
The ATM didn't give me the full requested amount,wrong_amount_of_cash_received
Is there an auto top up option?,automatic_top_up
"I put money in my account a week ago but its still not there, what is happening?",balance_not_updated_after_cheque_or_cash_deposit
"I got this stupid fee after taking cash out, why?",cash_withdrawal_charge
Why did my top-up not go through?,top_up_reverted
I made a payment that is not yet complete.,pending_card_payment
I tried transferring to an account but it won't let me.,beneficiary_not_allowed
There is a vendor name I don't recognize on a payment from my account. I don't think I made this payment.,card_payment_not_recognised
I would like to know if I can top up with Google Pay.,apple_pay_or_google_pay
"The expiration date for my card is coming up, how do I get a new card?",card_about_to_expire
I noticed that i got charged extra for using the card.,card_payment_fee_charged
"I tried to get money out of the Notting Hill ATM earlier, but I wasn't able to get anything out. Is there a problem with my card? It's the first time I tried using it.",declined_cash_withdrawal
What currency can I use to pay for a top up?,supported_cards_and_currencies
My new landlord is a lier and is trying to rip me off by saying I've not paid my rent when I have paid my rent.  What is going on?  They say the money hasn't got to them but I see it going out of my account.  Can you check that the money went to the right place?,transfer_not_received_by_recipient
Is the exchange rate the same on weekends as the weekdays?,exchange_rate
I recently purchased something and the seller says my money has not arrived yet. It was in EU's. How long does this take?,pending_transfer
I attempted to get cash in the ATM but I was denied,declined_cash_withdrawal
"The exchange rate given to me after a purchase, was incorrect",card_payment_wrong_exchange_rate
The money has not yet been placed in recipients account.,transfer_not_received_by_recipient
Are there any charges for using a bank card to top up,top_up_by_card_charge
How can I get my money that I didn't get from the ATM?,wrong_amount_of_cash_received
Can this app be used to exchange currencies?,exchange_via_app
I tried to withdraw cash from the ATM machine and it did not work. Can you tell me why?,declined_cash_withdrawal
What do you demand for identity verification?,verify_my_identity
Who should I contact if the amount of my withdrawal doesn't correspond to the amount that I tried to take out of my account?,wrong_amount_of_cash_received
How long does it take to make an urgent transfer from China?,transfer_timing
Whats the transfer process,transfer_into_account
The cash I asked for still hasn't been received,wrong_amount_of_cash_received
Could you inform me as to why I have been charged a higher fee for doing banking abroad.,transfer_fee_charged
There are a couple payments with my card in the app I see that I didn't create. What is happening? Maybe someone gained access to my account.,card_payment_not_recognised
I was double charged at a restaurant can you take the second charge off?,transaction_charged_twice
I got charged twice for the same payment. Please removed the pending payment. Thank you.,transaction_charged_twice
I just bought an item and changed my mind.  I have not received it yet how can I get refunded.  Thank you.,request_refund
"If I have already completed a cash withdrawal at an ATM, is it normal for it to show as a pending transaction on the app?",pending_cash_withdrawal
Why would I need a disposable card?,get_disposable_virtual_card
Why wasn't my top-up accepted and where did that money go? At first it said it was confirmed but now I can't find it.,top_up_reverted
My payment has an incorrect exchange rate.,card_payment_wrong_exchange_rate
Why didn;t my payment work,declined_card_payment
What should I do if my card payment was cancelled?,reverted_card_payment?
I haven't gotten my credit card in the mail.,card_arrival
"I made a payment a while ago and it is still showing as ""pending"" in the account. How long will this payment take to complete?",pending_card_payment
Why did I get less from the ATM?,wrong_amount_of_cash_received
My card was declined but it shows as multiple charges?,transaction_charged_twice
do you have a fee for receiving a SEPA transfer?,top_up_by_bank_transfer_charge
My payment did not go through because the app reverted it,reverted_card_payment?
What happens if I use my account and my identity verification hasn't finished?,why_verify_identity
Since when do you charge to make a withdrawal? I've always done it for free. So how much is it now?,cash_withdrawal_charge
Is it possible to exchange currencies?,exchange_via_app
"My mother deposited a cheque into my account last week, why is it still not showing up?",balance_not_updated_after_cheque_or_cash_deposit
Can you tell me how long it takes for a new card to come?,card_delivery_estimate
My card activation is failing.,activate_my_card
"I saw on the app that a cash withdrawal was completed on my account; however, I did not complete it.",cash_withdrawal_not_recognised
"I am getting charged fees on some payments.  Please help me understand, where are these fees disclosed?",card_payment_fee_charged
How can I check to see where my funds come from?,verify_source_of_funds
The exchange rate for the money I took out in a foreign country is wrong.,wrong_exchange_rate_for_cash_withdrawal
I have a problem with a transfer. It didn't work. Can you tell me why?,declined_transfer
I have lost my phone or it has been stolen.,lost_or_stolen_phone
I couldn't get the money I needed.,wrong_amount_of_cash_received
Why is my withdrawal from the ATM still showing as pending?,pending_cash_withdrawal
How much extra will I be charged for exchanging foreign currency?,exchange_charge
I exchange currencies a lot.  Can I get a discount?,exchange_charge
Why am I being charged for the same thing twice?,transaction_charged_twice
My cash deposit hasn't posted to my account.,balance_not_updated_after_cheque_or_cash_deposit
"I deposited a cheque, but my account balance stayed the same.",balance_not_updated_after_cheque_or_cash_deposit
How much do I have to pay if I want to transfer money?,transfer_fee_charged
exchanging currencies costs what?,exchange_charge
"My bank app said that I got cash from an ATM, but that's a mistake.",cash_withdrawal_not_recognised
"I just want to top-up, why do I need to verify anything?",verify_top_up
Why was I charged twice?,transaction_charged_twice
I withdrew cash but it still shows as pending?,pending_cash_withdrawal
Can I unblock my PIN in the app?,pin_blocked
I need to exchange foreign currency will i be charged?,exchange_charge
Will my transfer be done soon?,pending_transfer
Is there a reason my new card hasn't arrived yet?,card_arrival
Which currencies are allowed?,fiat_currency_support
"My Bank is in Europe, how long will the transfer take?",transfer_timing
Can you tell me why I haven't received my new card?,card_arrival
When I was drunk I got my card stuck in your machine because i mis-typed my PIN. What do I need to do to get it restored?,pin_blocked
What is the refund process?,request_refund
Do I have to go into the bank to change my PIN?,change_pin
I have to verify my source of funds.,verify_source_of_funds
"Hi, I draw out some money from the ATM today. The ATM has given me wrong amount and the application is displaying more amount than i withdraw.",wrong_amount_of_cash_received
I was unable to transfer money to a beneficiary.,beneficiary_not_allowed
I could not get the cash I wanted,wrong_amount_of_cash_received
Can I receive payment in another currency?,receiving_money
I have a transaction showing up more than once.,transaction_charged_twice
I need help reapplying my top-up. It seems it isn't working.,top_up_failed
How can I know where did my funds come from?,verify_source_of_funds
Why is my refund not visible on my statement?,Refund_not_showing_up
My atm withdraw is stillpending,pending_cash_withdrawal
There is a strange card payment I don't recognise.,card_payment_not_recognised
Why have I been charged a small fee to use my card?,card_payment_fee_charged
"i made a payment with my card and was charged a fee, why would you do that",card_payment_fee_charged
How do I top up using my Apple Watch?,apple_pay_or_google_pay
Why isn't my id verified?,unable_to_verify_identity
Help! I think someone has made a cash withdrawal with my card!,cash_withdrawal_not_recognised
What happens when I am charged twice?,transaction_charged_twice
Can I top up using cash?,top_up_by_cash_or_cheque
Why wouldn't my withdrawal go through?,declined_cash_withdrawal
Why isn't my refund showing up?,Refund_not_showing_up
"I tried to get money out of the Notting Hill ATM earlier, but I wasn't able to get it to work. Is my card with issue? It's the first time I tried using it.",declined_cash_withdrawal
How do I revert a transaction?,cancel_transfer
Why am I being charged to transfer funds?,transfer_fee_charged
The recipient doesn't see the money transaction I made,transfer_not_received_by_recipient
Can I activate a card in the app?,card_linking
What do I do if a transaction shows up twice?,transaction_charged_twice
Do you charge for transfers?,top_up_by_bank_transfer_charge
What's up with the fee for getting cash?,cash_withdrawal_charge
Why did you charge me for taking out cash?,cash_withdrawal_charge
Will there be extra charges regarding to adding money into my international card?,top_up_by_card_charge
I didn't make a payment that shows in my app.,card_payment_not_recognised
Can you tell me if I can track the card you sent me?,card_arrival
"I just got a new card, and I want to know how to activate.",activate_my_card
Why is my 'top up' not showing up in my wallet?,topping_up_by_card
My card is almost going to expire.,card_about_to_expire
"My card is about to expire, what do I do?",card_about_to_expire
My topping up didn't go through.,top_up_failed
Are there certain cards and currencies you support?,supported_cards_and_currencies
"Can I use my account now, even though my identity verification has not gone through yet?",why_verify_identity
"My card keeps getting declined when I try to use it.  I would like to top-up, but it is not going though.",top_up_failed
What I topped up was reverted by the app.,top_up_reverted
I am having problems with my contactless.,contactless_not_working
"It seems you keep declining my transfers. Before, it's always worked very well.Just now when I tried to buy something the card was declined. I tried more than once and it was the same thing each time.",declined_transfer
I made a transaction at an atm and was charged extra for it.,cash_withdrawal_charge
Can I change my pin at a cash machine?,change_pin
Why isn't a refund showing on my statement?,Refund_not_showing_up
"What currencies can I not hold many in, if so what are they?",fiat_currency_support
"How long does EU transfer take? I bought something online a couple days ago , sent the money immediately online but the seller says it is still not there yet",pending_transfer
How does a US resident go about acquiring a new card?,country_support
Do you support changing the currency I use?,exchange_via_app
I made a payment that's pending. Will it go through?,pending_card_payment
Why was I charged a fee when making this transfer when I shouldn't have been?,transfer_fee_charged
"While on vacation in Spain I think someone saw my PIN and I now need to change it, can I do this at an ATM in Spain?",change_pin
Why was I not allowed to do a transfer to a beneficiary?,beneficiary_not_allowed
Why is this payment on my app,card_payment_not_recognised
What currencies can I use?,supported_cards_and_currencies
What is the price for a physical card?,order_physical_card
Do I get an actual card?,order_physical_card
The balance has not been updated.,balance_not_updated_after_bank_transfer
What do I need to know about topping up?,top_up_by_card_charge
I need to know when a payment will actually go through. I completed a payment using my card but it is just showing as pending at this point and it has been a while ago.,pending_card_payment
I might need a new card because it's not working at any of the ATMs. I don't think ive used all my money. Why is it doing this?,declined_cash_withdrawal
how do i find top up for cash deposit,top_up_by_cash_or_cheque
Who should I talk to or go to resolve a duplicate charge on my statement?,transaction_charged_twice
is there something blocking me from making transfers,beneficiary_not_allowed
I need to top up using a cheque,top_up_by_cash_or_cheque
"Someone is using my card to purchase flights to New York it's not me because I'm not going to New York, please can you cancel the card and refund the money?",cash_withdrawal_not_recognised
"When will I see my cash, since I already deposited my check?",balance_not_updated_after_cheque_or_cash_deposit
"I moved, can I edit my personal details?",edit_personal_details
I made a cash withdraw and it shows up as pending why is that?,pending_cash_withdrawal
how does my statement get updated so i know when a refund will reflect on my balance,Refund_not_showing_up
What is the foreign exchange rate you will apply?,exchange_rate
I think I was charged by mistake on my debit statement.,direct_debit_payment_not_recognised
I sent some money and the account hasn't recived the transfer I made.,transfer_not_received_by_recipient
Explain why my card payment wouldn't go through.,declined_card_payment
I don't see my card anywhere in the app.,card_linking
How are the exchange rates determined?,exchange_rate
what is the correct exchange rate for getting cash,wrong_exchange_rate_for_cash_withdrawal
There are a couple of payments with my card shown in the app that I really didn't make myself. What's going on with this?,card_payment_not_recognised
Is it possible to top-up automatically?,automatic_top_up
My phone was stolen! What do I need to do?,lost_or_stolen_phone
Can you please explain how bank transfers work?,transfer_into_account
It seems I need to get information on limits for top-ups.,top_up_limits
I want to close my account & I will never do business with you again.,terminate_account
My cash withdrawal isnt showing on my account,pending_cash_withdrawal
My card payment has the wrong exchange rate,card_payment_wrong_exchange_rate
I just replaced my phone but how do I use my card information?,lost_or_stolen_phone
How do I reverse a transaction on my account?,request_refund
My card is showing the same transaction over and over again.,transaction_charged_twice
I thought transfers were free. Why was I charged to transfer?,transfer_fee_charged
Can I top-up my google pay?,apple_pay_or_google_pay
What is the cause of the delay in applying my card payment to my account?,pending_card_payment
"Please help me, as my topup amount has been reverted, i did it correctly. I think there is some defect in system.",top_up_reverted
Do you take checks?,top_up_by_cash_or_cheque
why has a transaction to a friend been delayed?,transfer_not_received_by_recipient
I don't recognize some transactions.  Is someone else using it?,compromised_card
How come I was charged a transaction of $1?,extra_charge_on_statement
Can I link my card I previously received?,card_linking
Can I order a new card by phone?,card_about_to_expire
Do you have the option for a disposable virtual card?,get_disposable_virtual_card
If I can't choose my card type will I be able to use it everywhere?,visa_or_mastercard
is there a fee for swift transfer,top_up_by_bank_transfer_charge
What is your age limit?,age_limit
Why and I being charged this fee?,card_payment_fee_charged
"Hello, I have recently made a purchase and have decided to cancel my purchase. Is there any way that you can cancel that transaction for me so I can get the money back? It's very important.",request_refund
Why can I not do a transfer to a beneficiary?,beneficiary_not_allowed
How can I verify my source of funds?,verify_source_of_funds
How long do money transfers take? My friend really needs the money i sent a couple of hours ago but it's not there yet.,transfer_not_received_by_recipient
Why did you charge me extra when I withdrew cash?,cash_withdrawal_charge
"After a transfer, I see an extra fee.  Why?",transfer_fee_charged
Please check and let me know why my transfers are getting declined.,declined_transfer
Why is there a pending time on my transfer?,pending_transfer
How can get a Visa card?,visa_or_mastercard
Can you explain why my payment was charged a fee?,card_payment_fee_charged
There are some charges that I don't recognize.  It happened days ago.  Can I get these charges back?  Should I cancel my card?,card_payment_not_recognised
I've been trying to make a transfer and it doesn't seem to be working. (5 times) What is wrong with your system?,failed_transfer
How long will it be to get this new card?,card_arrival
I can't find the auto-top up option.,automatic_top_up
"I seem to have been charged to much for my holiday purchases, the exchange rate is wrong.",card_payment_wrong_exchange_rate
My top-up failed to go through.,top_up_failed
I tried to transfer funds to a beneficiary and was denied. Can you tell me why?,beneficiary_not_allowed
I forgot my passcode. Now what?,passcode_forgotten
Can I change or hold different currency?,fiat_currency_support
I tried to get cash in the ATM but it was not approved,declined_cash_withdrawal
Why is there a direct debit to my account? I didn't do that.,direct_debit_payment_not_recognised
Is there a charge for transfers?,top_up_by_bank_transfer_charge
Why can't I use a disposable card?,disposable_card_limits
"My identity isn't being accepted, what should I do?",unable_to_verify_identity
The wait for this transfer seems to be taking a very long time.  It is very important that it goes through quickly. Can you please tell me how long it may take?,pending_transfer
There are two of the same charges on my account.,transaction_charged_twice
"I purchased something abroad, and the exchange rate that was applied was wrong.",card_payment_wrong_exchange_rate
I am looking to change my adress.,edit_personal_details
How do I delete an account?,terminate_account
I was declined when I tried to take out cash!,declined_cash_withdrawal
Why is my balance the same after a transfer?,balance_not_updated_after_bank_transfer
Where can I find out where my funds came from?,verify_source_of_funds
Where can I go to get my PIN unblocked?,pin_blocked
Do you also have this extra fee on your statement?,extra_charge_on_statement
Please delete the duplicate payment that was made to my account. One payment is still pending and I do not want to pay twice.,transaction_charged_twice
How do I link a new card to an existing one?,card_linking
If my card payment isn't working what do I do?,declined_card_payment
"I just saw a charge for a cash withdrawal that I made! ATM withdrawals have always been free in the past, so why is there suddenly a charge? What is it going to cost me now?",cash_withdrawal_charge
when should I receive my refund,Refund_not_showing_up
"Is it possible to go ahead and log in, although I have not been confirmed yet?",why_verify_identity
I made a payment and it appears it is showing twice,transaction_charged_twice
I didn't set up the direct debit I have,direct_debit_payment_not_recognised
I want to get a refund.,request_refund
Is there a reason I was charged an extra fee for using the ATM?,cash_withdrawal_charge
Is identity verification required for me to use my account?,why_verify_identity
What to do if my card is about to expire?,card_about_to_expire
Do I need to pay more for exchanging currencies?,exchange_charge
"I accidentally made a payment from the wrong account yesterday. It's my rent payment, and it's very large, so the account I paid from won't be able to cover the amount. It's really important that the payment be made from the right account?",cancel_transfer
When did I get a $1 extra fee on my statement?,extra_charge_on_statement
Is EUR one of the currencies you deal with?,fiat_currency_support
I found my old card. Can I link it back into the app?,card_linking
"I tempted to get some money out of the machine earlier and it did not work.Looking now, the transaction actually shows to still be in progress. I would certainly appreciate someone look into this and let me know what's going on. I definitely do not want to be charged for money I never received.",pending_cash_withdrawal
Can you tell me why my card isn't letting me make purchases online? It's been 2 weeks I've been trying.,reverted_card_payment?
A pending charge of 1L appears on my statement.  Please explain as I have not made a purchase for that amount,extra_charge_on_statement
My top-up was reverted by the app.,top_up_reverted
My top-up didn't go through,top_up_failed
What is the process to link the new card?,card_linking
I got less cash because of the exchange rate.,wrong_exchange_rate_for_cash_withdrawal
I transferred some money but it hasn't arrived.,transfer_not_received_by_recipient
Can i set up an auto top-up?,automatic_top_up
Are there cash machines where I can change my PIN?,change_pin
A transaction shows duplicate times.,transaction_charged_twice
I got a notice from my app that I withdrew cash but I don't remember doing so. How do I fix this?,cash_withdrawal_not_recognised
Why was money taken for a transfer?,transfer_fee_charged
what steps do i do to get a real card,order_physical_card
My transfer isn't in,transfer_not_received_by_recipient
are SWIFT transfers an option?,top_up_by_bank_transfer_charge
Why did my transfer fail?  What can I do?,failed_transfer
Where do I go to order my card?,order_physical_card
can i get a card if I live in the usa?,country_support
Do you let me choose between Visa and Mastercard?,visa_or_mastercard
Where do I go to edit my personal details on my account?,edit_personal_details
Where is the top-up verification code?,verify_top_up
"I put money into my account in the form of a cheque, but my balance did not change.",balance_not_updated_after_cheque_or_cash_deposit
I am planning activating my card was it possible?,activate_my_card
Im going to need to make a transfer from a UK account but I need it to go through ASAP. Is that going to be possible or will it take forever?? Im hoping it will be a couple hours and not a couple weeks.,balance_not_updated_after_bank_transfer
Is there a limit on the number of times I can use a disposable card?,disposable_card_limits
Can you help me transfer money into my friend's bank account? I tried to do it but it keeps rejecting me. I need to get the money in there asap. I have enough and all the account info is correct.,failed_transfer
I tried to do a transfer and it hasn't worked!,failed_transfer
"In the exchange and holding, what fiat is allowed?",fiat_currency_support
What is the charge for exchanging currency?,exchange_charge
Card payment still pending.,pending_card_payment
"Help me!  When I was abroad, the exchange rate was wrong.",wrong_exchange_rate_for_cash_withdrawal
"Hi there, I came across a problem with my top up and my money is missing, was there a system error?",top_up_reverted
"There has been an unusual withdrawal from my account, can you help?",cash_withdrawal_not_recognised
Must I verify my identity?,why_verify_identity
"I would like to track a card sent to me, how do I do that?",card_arrival
"Hae there, I have a transaction that is in progress despite the fact that the ATM was not working, what do I do to avoid being charged?",pending_cash_withdrawal
top up cancellation,top_up_reverted
Have you started charging for cash withdrawals? I always thought it was free until I noticed this fee. How much is the fee?,cash_withdrawal_charge
Why was I charged when taking out money?,cash_withdrawal_charge
My refund isn't going fast enough.,Refund_not_showing_up
I have a transaction showing multiple times.,transaction_charged_twice
Which ATMs take the card?,atm_support
I have another card from the U.S. Will you be able to accept that one?,supported_cards_and_currencies
I placed a cash deposit in my account but I can't see it yet.,balance_not_updated_after_cheque_or_cash_deposit
"Hi, I had an issue with my card payment and It shows on my account that my payment went through. Then I got contacted from the seller saying ""they did not receive my payment"" then the payment was returned to my account. so I would like to see why it did that please.",reverted_card_payment?
"Hi there, I've tried to make a transfer 5 different times and its not working. Is your system down or something?",failed_transfer
How do I get another card,getting_spare_card
"daughter needs card, how do i add her",getting_spare_card
"my cash withdrawal is pending, why?",pending_cash_withdrawal
"Hi, I am unable to use my card in ATM. I had tried my card in two ATMs but both ATMs declined it. Could you please check my account?",declined_cash_withdrawal
My payment had a wrong exchange rate.,card_payment_wrong_exchange_rate
Are purchases returnable for full refund?,request_refund
think someone is using my card with permission,compromised_card
there is money in my account that i didnt put there,cash_withdrawal_not_recognised
My statement indicates I made a payment to an unfamiliar merchant.,card_payment_not_recognised
How low does the balance have to be before the system updates?,automatic_top_up
What's the process of changing from GBP to AUD?,exchange_via_app
I have an account that is empty of funds. Can I transfer some from another bank?,transfer_into_account
How do I deactivate my account?,terminate_account
Will you be adding more currencies in the future?,fiat_currency_support
Can I change my card PIN?,change_pin
There is a pending payment on my account that is very strange. I don't remember making this and it won't go away. Can you help me figure this out?,extra_charge_on_statement
Why did I only receive this much currency?,wrong_exchange_rate_for_cash_withdrawal
I just got an error message saying my transfer is not possible? Why is that? I've transferred money before and it worked without problem,beneficiary_not_allowed
"Hello, I have a pending transaction in my account due to an ATM machine that wasn't working. In any case if the transaction goes through, after how long can I get my money back?",pending_cash_withdrawal
I have a withdrawal waiting to go through.,pending_cash_withdrawal
Can I get information on the identity checks?,verify_my_identity
I got married and need to change my name.,edit_personal_details
on my statement there is a payment that I don't recognise,card_payment_not_recognised
I would like to have a physical card to carry around and use. How can I get one?,order_physical_card
"The ATM charged me an extra fee, Why?",cash_withdrawal_charge
What can I use to verify my identity?,verify_my_identity
"Why can't I transfer my money into someone else's account? I should be able to do so right? Why does it keep rejecting my transfer? There's no reason, all my info is correct and the money is there.",failed_transfer
I need to update my demographics.,edit_personal_details
I made a cash withdrawal earlier and it's showing as pending.  What does that mean?,pending_cash_withdrawal
Is the verification number on the top up card,verify_top_up
How do I contact customer support about my declined transfer?,declined_transfer
i need to top up by card.,topping_up_by_card
What is the fee for topping up a US card?,top_up_by_card_charge
I need my card ASAP!,card_delivery_estimate
Can you please tell me why I cant get money from the ATM?,declined_cash_withdrawal
Is there a way I can check on the card on route to me?,card_arrival
I see a direct debit payment on my app that I did not do,direct_debit_payment_not_recognised
Are you ripping people off with the exchange rate?  It can't be that atrocious between banks.,card_payment_wrong_exchange_rate
Can I set automatic top ups?,automatic_top_up
can you top up your account automatically,automatic_top_up
The first payment I attempted for my card at the store earlier did not process so I had to make a second attempt. The second time it worked. It now appears I was charged twice. After looking at the app I see a pending charge. Please remove the pending amount because it is clearly not accurate and was declined.,transaction_charged_twice
Are there ways for other people to send me money?,receiving_money
"I am waiting on this refund, hurry up.",Refund_not_showing_up
"My card will expire next month, will I need to order a new one?",card_about_to_expire
after i got married i need to change my name,edit_personal_details
The day before yesterday I transferred funds to another account within the country.  The funds have not yet arrived.  I double and triple checked the account number and it was correct.  Why hasn't the transfer been completed yet?,transfer_not_received_by_recipient
Why is  my balance not updated?,balance_not_updated_after_bank_transfer
I didn't receive the amount of cash I requested for the ATM.,wrong_amount_of_cash_received
want a new card what are the fees,card_about_to_expire
When will my new card be delivered?,card_arrival
I purchased something overseas and the incorrect exchange rate was applied.,card_payment_wrong_exchange_rate
Someone else used my card to withdraw cash from an ATM,cash_withdrawal_not_recognised
Yesterday I had my phone stolen.  Please advise what I should do.,lost_or_stolen_phone
Do you do business in the EU?,country_support
Can you please explain to me why there is an extra €1 fee in my statement?,extra_charge_on_statement
"Why do you keep declining my transfers? It's been working well so far, but when I just tried to buy something, the card got declined. I tried it a few times, but same thing happened every try.",declined_transfer
Can I deposit money using Apple Pay?,apple_pay_or_google_pay
I can not find my phone or it has been stolen.,lost_or_stolen_phone
My card got charged twice for the same thing!,transaction_charged_twice
Where can I change my PIN?,change_pin
Who do I contact if there is a direct debit that I did not create.,direct_debit_payment_not_recognised
Please send a new card; the ATM ate mine.,card_swallowed
There is not a refund in my statement.,Refund_not_showing_up
Do yo charge a fee for exchanging foreign currencies?,exchange_charge
I bought something and I take issue with the exchange rate applied.,card_payment_wrong_exchange_rate
"It seems I've suddenly been charged for my recent ATM cash withdrawal. What's up with that? I though withdrawals are free, you never charged me so far!",cash_withdrawal_charge
"Some cash was withdrawn in the app, but I did not do it.",cash_withdrawal_not_recognised
There is a direct debit fee in the App that I didn't do.,direct_debit_payment_not_recognised
if im not using my account should i close it or just let it sit,terminate_account
I set up a payment to a new payee and sent some money but the person I'm sending it to has not received it.  Can you check where the money is?,transfer_not_received_by_recipient
Im trying to top up my card but it's still pending and it's been an hour. Is there any way to make it go through faster? Do I not have enough?,pending_top_up
My account shows a direct debit charge that I have never seen before,direct_debit_payment_not_recognised
my statement contains an unknown payment,card_payment_not_recognised
Can you tell me if a credit/refund is coming from a seller? I asked for refund directly from them and am still waiting. It's been a week now and i still havn't seen my refund yet.,Refund_not_showing_up
Why would there be an extra charge on my app?,extra_charge_on_statement
Top up is not working even though I have my AMEX in apple pay.,apple_pay_or_google_pay
What is needed for identity verification?,verify_my_identity
How can I alteration my PIN?,change_pin
I want a refund on the things i bought,request_refund
Is my card accepted anywhere?,card_acceptance
My virtual car is not working.,virtual_card_not_working
I think my card payment was reverted,reverted_card_payment?
"My PIN is locked, how do I unlock it?",pin_blocked
Can I top up for free using a European card?,top_up_by_card_charge
"extra fees on a cash withdrawal, not cool.",cash_withdrawal_charge
Why has transferring money resulted in a charge?,transfer_fee_charged
I am having to wait for my transfer to be fully processed. It seems to be taking a very long time in the pending phase. What is the normal turn around time that I can expect to see it completed?,pending_transfer
Do I get Visa or Mastercard?,visa_or_mastercard
I just got my new card.  How can I activate it?,activate_my_card
If my card was lost or stolen can I re-link it?,card_linking
How can I edit my personal details in the app?,edit_personal_details
Is there a fee to order a physical card?,order_physical_card
What ID do I need to verify my identity?,verify_my_identity
I've lost my card. What can I do about that?,lost_or_stolen_card
My card was refused,declined_card_payment
I got a new address and need to change my information.,edit_personal_details
I really need to top-up my card today urgently but my card keeps getting declined!! Can you please resolve this problem or try an alternative,top_up_failed
Where do I get a disposable virtual card?,get_disposable_virtual_card
Can I get a Visa or does it have to be something else.,visa_or_mastercard
Why hasn't my transaction arrived?,transfer_not_received_by_recipient
I don't think the charges made when I had currency exchanged are right.,card_payment_wrong_exchange_rate
"I made a bank transfer from my UK account today, but it's not showing.  Can you check status?",balance_not_updated_after_bank_transfer
What's the procedure for getting a card?,order_physical_card
What countries are getting support?,country_support
Can I have a card even if I am not living in the UK?,country_support
"Why did my transfer not work, it says it was declined?",declined_transfer
What can I expect if I use bank transfer to top up my account?,transfer_into_account
I used an ATM and wanted to know why I was charged an extra fee.,cash_withdrawal_charge
I requested for a top-up but it has not reflected,top_up_failed
I'm being charged for using my card!,card_payment_fee_charged
My app is showing a payment that I know I did not do. Can you please cancel that transaction and credit my account please?,direct_debit_payment_not_recognised
Why can't I use my card?,card_not_working
My money transfer has not yet occurred,pending_transfer
Why can't I take $100 out,wrong_amount_of_cash_received
Transfers from the US how long will the wait be?,transfer_timing
"Pending still shows on this transfer, why?",pending_transfer
I don't recognize this payment at all!  Help!,card_payment_not_recognised
i need to add express delivery if that's an option,card_delivery_estimate
When can I expect a transfer from Europe to go through?,transfer_timing
Why is the payment from my card still pending?,pending_card_payment
What is the point of verifying a top up?,verify_top_up
Why is this payment pending?,pending_card_payment
"I could not get a top-up to work, why?",top_up_failed
I would like to get an item refunded,request_refund
I tried to buy something online yesterday and was told declined. I got the same error today after trying again. What is the problem?,declined_transfer
When will my transfer process?,balance_not_updated_after_bank_transfer
I didn't get a PIN yet. What gives?,get_physical_card
My card stopped working after multiple transactions. Why?,card_not_working
How do I link the new card that I just got from you guys?,card_linking
I tried to make a transfer and it failed.,failed_transfer
I am not satisfied with your company and wish to delete all accounts immediately.,terminate_account
Why am I not allowed to add a certain beneficiary?,beneficiary_not_allowed
need to know if there is a maximum i can top up,top_up_limits
"I need to exchange between different currencies, like GBP and USD. Can I do that with your app?",exchange_via_app
Can the card was sen to me be tracked?,card_arrival
I deposited a cheque and its been days and I still haven't received the cash!!,balance_not_updated_after_cheque_or_cash_deposit
"I was just shopping and my payment was declined in a store!  It was very embarrassing, what is going on and when will it be fixed?",declined_card_payment
Can i make transactions before identity verification?,why_verify_identity
Can you please inform me of the restrictions for the disposable cards.,disposable_card_limits
Is it free to exchange currency?,exchange_charge
"I deposited a cheque, but the balance hasn't changed yet.",balance_not_updated_after_cheque_or_cash_deposit
"I was wondering why my payment hasn't gone through yet, its been a while.",pending_card_payment
Would I be able to get a second card?,getting_spare_card
The app can't verify my information for identity proofing purposes.,unable_to_verify_identity
Delete my account now please.,terminate_account
How long do transfers take to show up in my account?,balance_not_updated_after_bank_transfer
I saw a fee on my receipt from withdrawing money while shopping earlier.  Is there supposed to be a fee for this type of transaction?,cash_withdrawal_charge
Can you tell me the status of my new card?,lost_or_stolen_card
I need my card to be activated right now.,activate_my_card
totally unacceptable.  I'm stranded with no cash because the ATM wouldn't give me any money!,declined_cash_withdrawal
I just made an order and noticed an extra fee. Why have you charged me this without informing me?,card_payment_fee_charged
"Recently, a few weeks ago there was a transaction made on my account by some seller that I don't recognize. I am very certain that didn't happen  and will like for you to trace back to make sure.",direct_debit_payment_not_recognised
"Can Google Pay be used for top up, please help?",apple_pay_or_google_pay
I'm not seeing my cash deposit showing up in my account.,balance_not_updated_after_cheque_or_cash_deposit
How can I request cash back? The ATM just gave me a different amount than what I've been actually charged though...,wrong_amount_of_cash_received
There is a strange 1£ charge that appears as pending on my statement. What's the cause for that? I haven't purchased anything for a pound.,extra_charge_on_statement
My card seems to not be working at all.,card_not_working
What do I do if i accidentally broke my card?,card_not_working
Is there an age limit to open an account,age_limit
Is it possible to exchange currencies using the app?,exchange_via_app
Can you help me? I have a duplicate transaction on my account and I don't understand why.,transaction_charged_twice
Why is the check I deposited this morning not showing up?,balance_not_updated_after_cheque_or_cash_deposit
"When exchanging currencies, is there an extra fee?",exchange_charge
Need a new passcode.,passcode_forgotten
"I need to transfer something ASAP from China, how long will it take to post to my account?",transfer_timing
"If I were to transfer, what would the cost be?",top_up_by_bank_transfer_charge
How do I know if my top-up went through?,pending_top_up
my exchange rate looks wrong for my last payment,card_payment_wrong_exchange_rate
how many days processing new card?,contactless_not_working
Why can't the person I sent the money transfer to see it?,transfer_not_received_by_recipient
Can third party fees affect a transfer?,top_up_by_bank_transfer_charge
Why is the pending status on my cash withdrawal taking so long?,pending_cash_withdrawal
What are the auto-top up policies?,automatic_top_up
"Hi, i was checking my old statements and found a discrepancy with a large amount transaction. I am sure it was not done by me. Please let me know if i could raise a dispute as its very late.",direct_debit_payment_not_recognised
Is it possible for a transaction to be cancelled?,cancel_transfer
"One of my card payments, I don't recognise the name of the merchant.",card_payment_not_recognised
What does it mean when a payment is pending?,pending_card_payment
I believe my card payment has reverted,reverted_card_payment?
where do you find your exchange rates?,exchange_rate
Is there an option to top up with a cheque?,top_up_by_cash_or_cheque
The bank machine didn't give my card back how do I get a new one fast?,card_swallowed
My account shows up as pending after I received cash from the ATM earlier.  How can this be still pending? I've got the cash already.,pending_cash_withdrawal
What's the normal time frame for a transfer from a UK account? After just making a transfer it doesn't appear at all. I need to know if things went okay.,balance_not_updated_after_bank_transfer
What is the process to activate a card,activate_my_card
What is the $1 transaction on my account?,extra_charge_on_statement
What do I do if I completed a money transfer but the recipient hasn't received it?,transfer_not_received_by_recipient
Is there a fee to get an actual card?,order_physical_card
"Your system is broken. My transfers keep failing, 5 times now.",failed_transfer
My top up is pending still,pending_top_up
I need to cancel my recent transfer quickly since I made a mistake. Please help before it goes through.,cancel_transfer
I have a charge I did not make.,card_payment_not_recognised
"The ATM would not give me cash,why?",declined_cash_withdrawal
I need to know where this charge is coming from?,card_payment_not_recognised
There is a direct debit patentp that I haven't authorized.,direct_debit_payment_not_recognised
How can I configure what currency my salary is in if it's in GBP?,receiving_money
How do your exchange rates factor in?,exchange_rate
I got a fee when paying with my card,card_payment_fee_charged
My money didnt go through after I transferred.,beneficiary_not_allowed
A cash withdrawal that I didn't authorize is shown on my account - can you please cancel my card as soon as possible?,cash_withdrawal_not_recognised
Why is the purchase I made this morning still pending?,pending_card_payment
I lost my phone.  What do I do to block someone else from using my account?,lost_or_stolen_phone
How long is the wait for my card?,card_delivery_estimate
how do I know where I can get money withdrawn?,atm_support
Can i cancel this purchase?,request_refund
The amount of money I pushed at the atm machine did not come out of the machine.,wrong_amount_of_cash_received
"I have done a transfer within the country the day before yesterday, but it's still not there yet. Can you please check what's going on with that, the account number definitely is the right one, I've checked that already.",transfer_not_received_by_recipient
Where can I modify my details?,edit_personal_details
I already have a card and want to link it,card_linking
"I need some help, I thought you guys accepted crypto top ups?? It won't seem to let me do it. I put money in my account and now it's gone and I didn't spend it. Where did it go??",top_up_reverted
I need help as fast as possible! I made a mistake on my most recent transfer; can you please stop it before it goes through?,cancel_transfer
"Hi, I want to inquire about my balance. Some cash was deposited and it hasn't updated yet.",balance_not_updated_after_cheque_or_cash_deposit
How can I Use thereto-top option?,automatic_top_up
A withdrawal is showing that I don't recognize,cash_withdrawal_not_recognised
Can you tell me why my card payment did not work?,declined_card_payment
"Ive been trying to use my card for two weeks now to purchase somethings online but nothing is going through. It keeps returning my payment to my account. There shouldn't be anything wrong with my account, is it the card?",reverted_card_payment?
How do I receive more physical cards,getting_spare_card
Is there something wrong with the ATM? It would not let me pull cash out of my account.,declined_cash_withdrawal
My account says I have money but I withdrew it in cash.,pending_cash_withdrawal
My package is taking too long to arrive and I don't want it anymore. Can I get a refund?,request_refund
"I was out today looking forward to paying with my new card, but the payment just kept getting declined. This is really sad, what's going on?",declined_card_payment
what currencies can I receive my salary in with this?,receiving_money
With one disposable card how many transactions can i do?,disposable_card_limits
"My card isn't working at all, I need assistance. It's really frustrating.",card_not_working
Why hasn't my friend's transaction arrive yet?,transfer_not_received_by_recipient
I have a card payment I didn't make,card_payment_not_recognised
I have multiple of the same transaction,transaction_charged_twice
I still don't have a refund.,Refund_not_showing_up
Please help.  There is a payment in the app that isn't mine.,card_payment_not_recognised
What documents do you need to verify my identity?,verify_my_identity
How long is the wait for a money transfer to show up?,pending_transfer
I need a list of currencies you accept for exchange.,fiat_currency_support
What age do you have to be?,age_limit
"Where can I find out the fee structure for my account? I have been charged fees for some transactions, but not for other ones. I can't find a pattern in these fees.",card_payment_fee_charged
I entered a wrong PIN too many times. How can I fix this?,pin_blocked
"|I moved out of my old house two weeks ago and cancelled my direct debit to my old landlord, this direct debit was working fine.  Now I've moved in to a new place and set up a transfer to a new landlord but it's not reached her yet, can you check it please?",transfer_not_received_by_recipient
How much does it cost to top up by transfer?,top_up_by_bank_transfer_charge
My statement is showing I was Charged a dollar and I am not sure why.,extra_charge_on_statement
I lost my phone. Can I use my card without the app?,lost_or_stolen_phone
What do you need for the identity verification,verify_my_identity
How long is US delivery?,card_delivery_estimate
I'm having trouble with proving my identity.,unable_to_verify_identity
I do I top up from my Apple Watch?,apple_pay_or_google_pay
What is the time frame that transfers normally take from a UK account? I just completed a transfer and nothing shows up. I need to know if everything is alright.,balance_not_updated_after_bank_transfer
I think the exchange rate was incorrect.,wrong_exchange_rate_for_cash_withdrawal
Why am I charged a fee when using my debit or credit card?,card_payment_fee_charged
Am I charged for receiving money?,top_up_by_bank_transfer_charge
There is an urgent transfer I need to make from China.  How long will it take to get it processed?,transfer_timing
I can't activate my card?,activate_my_card
I cannot see a refund in my account,Refund_not_showing_up
Why hasn't the money transfer arrived yet?,transfer_not_received_by_recipient
How can I transfer money to this account from another bank?,transfer_into_account
My top up is still pending,pending_top_up
The app reversed a top off I had.  What should I do?,top_up_reverted
What do I need to do to transfer money with my credit card?,topping_up_by_card
My card payment is showing pending however this transaction was a couple of days ago. Is there a reason why it it still pending?,pending_card_payment
When can I expect my new card to get here?,card_delivery_estimate
When will my transfer move from pending to confirmed?,pending_transfer
Why hasn't the transaction I did arrive yet?,transfer_not_received_by_recipient
"Three months ago I bought a new house for my cat, fluffy.  Unfortunately Fluffy was not a fan of the house and it had to be returned to Pet Smart last week.  They said they have sent a refund but it's not there, can you tell me where it is?",Refund_not_showing_up
Is there an age limit to get an account?,age_limit
What can I do if my passcode won't work?,passcode_forgotten
I have been charged way to much so something is apparently wrong with my exchange. I changed Russian Ruble into UK pounds.,card_payment_wrong_exchange_rate
"Help! I'm missing money, I deposited a cheque but its not showing on my balance.",balance_not_updated_after_cheque_or_cash_deposit
I tried to purchase airline tickets online this morning and my card information isn't working. Is there something going on with my account?,card_not_working
I see a $1 charge in a transaction.,extra_charge_on_statement
How do I get a card in the EU?,country_support
I topped up but my money is not showing. Why is that?,top_up_reverted
How to receive the actual card,order_physical_card
I was charged and shouldn't have been charged when using my card!,card_payment_fee_charged
Why is a payment I made reverted back to my account?,reverted_card_payment?
"I tried and tried, but I could not complete my transfer. Tell me what is wrong.",failed_transfer
I tried to pay with my card and it didn't work,declined_card_payment
"In my app, a direct debit payment I didn't do shows in my app",direct_debit_payment_not_recognised
I would like to have a Mastercard.,visa_or_mastercard
I haven't received the money from the check I deposited.,balance_not_updated_after_cheque_or_cash_deposit
Where can I activate my card?,activate_my_card
I withdrew cash and I think the exchange rate is wrong.,wrong_exchange_rate_for_cash_withdrawal
"My bank card has expired, how can I get a new physical card?",card_about_to_expire
What are the auto top-up policies?,automatic_top_up
Are transfers not free? I didn't know I would be charged for transfers.,transfer_fee_charged
"I am not supposed to be charged a cash withdrawal fee, but I was.",cash_withdrawal_charge
"I tried to top up, but the funds show up as pending. I thought it was instant?",pending_top_up
I got billed an extra pound!,extra_charge_on_statement
I make payments for my place abroad using this account and since i use it so frequently I was wondering why did the fees increase suddenly rather than decreasing? I would think customers like me should receive incentives for using your service,transfer_fee_charged
"I'm expecting a large refund from a store I returned merchandise to recently.  They say they have sent the money but I don't see it in my account, can you help.",Refund_not_showing_up
"Hello, there was an error while attempting top-up with my card this morning. I was able to use the card two days ago with no issues. Could you please assist?",top_up_failed
Where can I get my currencies exchanged?,exchange_via_app
Is there such thing as top up by cheque?,top_up_by_cash_or_cheque
I made a transaction to the wrong account!,cancel_transfer
My account is locked because I used the wrong pin too many times.  Please help.p,pin_blocked
Why is my PIN blocked?,pin_blocked
Why is the fee for taking money out so high?  I feel I was overcharged and I would have never used this ATM if I would have known ahead of time.,wrong_exchange_rate_for_cash_withdrawal
What's the wait time for European transfers?,transfer_timing
Why do I have a strange payment on my statement?,card_payment_not_recognised
I didn't withdraw the amount of cash that is showing up in the app.,cash_withdrawal_not_recognised
Can you help me with proving my identity?,unable_to_verify_identity
"I was overcharged at an ATM while on vacation. I needed cash so I had to use it, but your charges are outregous and I wish I would have known beforehand.",wrong_exchange_rate_for_cash_withdrawal
card is being used by someone else,compromised_card
"Since I got married, I need to change my name.",edit_personal_details
I can't recognise this Direct Debit payment.,direct_debit_payment_not_recognised
What cards do you support,supported_cards_and_currencies
Can i get payed through this system?,receiving_money
"I asked for a certain amount of money from the ATM, but it gave me a different amount. Less than what I asked for.",wrong_amount_of_cash_received
Would I need to pay extra for currency exchanges?,exchange_charge
Can I use my account although my identity verification has yet to pass?,why_verify_identity
I would like to cancel a purchase.,request_refund
What fees are charged when I top up,top_up_by_card_charge
make my account go away,terminate_account
I will be traveling.  Can I add money automatically?,automatic_top_up
How much money can I withdraw before fees? I noticed a fee on my card but I didn't think I had hit the limit of how much I could withdraw in a month.,cash_withdrawal_charge
Why did the ATM swallow my card?,card_swallowed
"I deposited cash this morning, but it's not showing up in my account. Can you tell me where's my money?",balance_not_updated_after_cheque_or_cash_deposit
Can I use your app to exchange between USD and GBP,exchange_via_app
Will a cheque suffice?,top_up_by_cash_or_cheque
"I want to get rid of the account, and delete personal information .",terminate_account
What's the procedure for canceling a purchase?,request_refund
"Someone stole my account, there's a withdrawal but it wasn't me, can we put a stop to it please?",cash_withdrawal_not_recognised
Is a new debit card free?,getting_spare_card
What is needed for my daughter to open an account?,age_limit
"Why wasn't it obvious that you charge for payments? If you put the fees in an easy to read format, this could have been avoided.",card_payment_fee_charged
Can I receive money in a different countries money?,receiving_money
I'm interested in what your exchange rates are based on.,exchange_rate
The refund isn't appearing in my account,Refund_not_showing_up
"I am in desperate need to transfer funds from another account that i have into this one, how do i do that?",transfer_into_account
"Is something wrong with my account, my balance didn't change after I transferred some money",balance_not_updated_after_bank_transfer
I put money in my account a week ago but its still not there?? What happened to my money?,balance_not_updated_after_cheque_or_cash_deposit
I noticed my exchange rate was incorrect when I got cash.,wrong_exchange_rate_for_cash_withdrawal
Can I have it by a certain date?,card_delivery_estimate
I can't get the top-up to work! What's going on here.,top_up_failed
I can't seem to be able to use my card,card_not_working
I don't have a way to prove my identity.,unable_to_verify_identity
Will I be able to top up by cheque?,top_up_by_cash_or_cheque
"I want to block my card or deactivate it or something, it's been stolen and I don't want it misused. I want this handled right away.",lost_or_stolen_card
I was not able to receive the correct amount of cash.,wrong_amount_of_cash_received
Why is my transfer more expensive than I thought?,transfer_fee_charged
"I transferred money, why was charged for an extra fee?",transfer_fee_charged
There is the same transaction showing more than once.,transaction_charged_twice
Can I change my PIN without going to a bank?,change_pin
How long do deposits take to appear? I've been waiting for more than a week and need the money!,balance_not_updated_after_cheque_or_cash_deposit
My top up did not complete.,pending_top_up
Are there still fees for european top-ups?,top_up_by_card_charge
I am not able to see the card PIN anywhere?,get_physical_card
what is this charge i didnt do it what can i do,direct_debit_payment_not_recognised
Can my 8 year old grandson open an account at the bank?,age_limit
I am very upset that i went to use my new card today and it kept getting declined. Why is this happening and what do I do to not have it declined?,declined_card_payment
How long will it take for my payment to go through?,pending_card_payment
Money was transferred to me and I am unable to see it,pending_transfer
Can you show me where to link the new card?,card_linking
"When is my balance going to update, I just transferred some money",balance_not_updated_after_bank_transfer
I just got my card and cannot get it to work.,activate_my_card
"My transfers keep on getting declined. My card was working fine up until now, however it has suddenly stopped working. Why is this?",declined_transfer
"I think someone saw my PIN and I am on vacation in Spain, can I change it locally at an ATM?",change_pin
What do I do to activate?,activate_my_card
"I am getting an error stating my transfer is not possible while transferring money. Let me know the issue as its the first time i am getting error, earlier it used to work.",beneficiary_not_allowed
Could I open an account for children?,age_limit
I requested a refund from Next because the dress I purchased had three arm holes. They said they sent the refund last Wednesday which is nearly a week ago and I still don't have it.  Why not?,Refund_not_showing_up
My transfer still says pending,pending_transfer
How do I transfer funds directly from my credit card?,topping_up_by_card
I don't think I was supposed to be charged so much.,transfer_fee_charged
I made a cash withdrawl and there is a charge.  What is this?,cash_withdrawal_charge
What is the process for activating my new card?,activate_my_card
Is it possible to dispute a debit payment from a couple of months ago.,direct_debit_payment_not_recognised
How long does it take to receive my card?,card_delivery_estimate
can i verify my identity i the app,verify_my_identity
"I don't understand what a disposable virtual card is, can you help?",get_disposable_virtual_card
Can I get an auto Top-up?,automatic_top_up
My transfer is pending too long.,balance_not_updated_after_bank_transfer
Why hasn't my payment shown up yet?,pending_card_payment
"Hi, is everything in good standing with my card? I am receiving multiple ""decline"" messages.",declined_card_payment
My identity verification isn't working,unable_to_verify_identity
Why is the exchange rate for my payment incorrect?,card_payment_wrong_exchange_rate
Why has my account balance not changed after depositing a cheque?,balance_not_updated_after_cheque_or_cash_deposit
Can I top up my account with a check?,top_up_by_cash_or_cheque
Where is my credit card that was to be mailed?,card_arrival
"I put cash in my account, but I don't see it.",balance_not_updated_after_cheque_or_cash_deposit
Why am I unable verify my id?,unable_to_verify_identity
I want a refund,request_refund
How can my new card be activated?,activate_my_card
I made a check and cash deposit that wasn't credited to my account.,balance_not_updated_after_cheque_or_cash_deposit
I recently deposited a cheque and cannot find the cash from it.,balance_not_updated_after_cheque_or_cash_deposit
I just transferred some money. Why was I charged a fee?,transfer_fee_charged
what is the matter?,direct_debit_payment_not_recognised
"HELP! I tried to get cash and it gave me some, but not the right amount!",wrong_amount_of_cash_received
My account shows I made a debit payment to someone that I can't recall and would like to find out who the payment was made to.,direct_debit_payment_not_recognised
Does it cost me to add cash?,top_up_by_bank_transfer_charge
Can I have a mastercard?,visa_or_mastercard
After looking at the app I noticed a couple of payments I know I did not make. Is it possible someone has accessed my card? What is actually going on?,card_payment_not_recognised
When will I be able to see the refund,Refund_not_showing_up
Could you send me and up date on the arrival of my card?,card_arrival
Will I be charged to top off my account?,top_up_by_bank_transfer_charge
Is ordering a new card from China available?,card_about_to_expire
Someone stole my wallet with my card in it while vacationing in Spain. I really need my card blocked and a new one ordered.,lost_or_stolen_card
Does it matter which card I use,visa_or_mastercard
i want to get a card but i live in the US,country_support
I tried to withdraw cash from your ATM but my transaction was cancelled.,declined_cash_withdrawal
"my card was refused, why?",declined_card_payment
"I looked at my statement, and there is a charge for 1£ that I don't recognize.  Why is it on there?",extra_charge_on_statement
"Hi, I'm in progress of purchasing a flat and am trying to make to make a payment.  An error is appearing, and I need assistance.",failed_transfer
I want to revert this mornings transaction.,cancel_transfer
Is there a pay structure for currency exchanges?,exchange_charge
I am trying to revert a transcation I did this morning,cancel_transfer
How long do I need to wait til my top up isn't pending?,pending_top_up
Does the exchange rate change?,exchange_rate
The app shows Direct Debit payments that I didn't make,direct_debit_payment_not_recognised
"i have tried everything to complete a transfer but can't, what should i do next",declined_transfer
Why was I charged $1 in a transaction?,extra_charge_on_statement
Why verify the top-ups?,verify_top_up
What is this direct debit in my statement?,direct_debit_payment_not_recognised
My app was on the phone and I was mugged.  What do I do?,lost_or_stolen_phone
There's a possibility that my card was compromised.,compromised_card
I haven't received my pin,get_physical_card
Please help me as my online payment is getting declined since yesterday while i am trying to purchase something online.,declined_transfer
Can I get an account for my daughter?,age_limit
When will my top up be approved?,pending_top_up
I am still waiting for a transfer I did,balance_not_updated_after_bank_transfer
I have a fee for cash withdrawal,cash_withdrawal_charge
I need to change details about my personal account.,edit_personal_details
I don't see the transaction I made to a friend on my account.,transfer_not_received_by_recipient
Why do I have a transaction showing multiple times?,transaction_charged_twice
Please give me both a visa and a mastercard.,visa_or_mastercard
I want to open an account for my child.,age_limit
My transfer failed to a beneficiary,beneficiary_not_allowed
How do I find out my source of funds?,verify_source_of_funds
Is it possible to link a new card?,card_linking
The amount of cash I received did not match the amount I requested,wrong_amount_of_cash_received
I tried to withdraw 40 pounds but only 20 came out. Did you steal my money?,wrong_amount_of_cash_received
How long does transfer from the US take?,transfer_timing
How do I link an existing card?,card_linking
Which fiat currencies do you currently support? Will this change in this future?,fiat_currency_support
What physical locations can I use cash to top up?,top_up_by_cash_or_cheque
How long will it take for my money to be deposited?,pending_top_up
How will I know where my funds are coming from?,verify_source_of_funds
I got less cash at the ATM than I asked for. Why?,wrong_amount_of_cash_received
What fiat currencies are used with holdings and exchanges?,fiat_currency_support
Why am I being a charged for using my card?,card_payment_fee_charged
help my money isnt showing up,balance_not_updated_after_bank_transfer
Can you please check the exchange rate when I was getting cash?,wrong_exchange_rate_for_cash_withdrawal
My app says that I'm not verified.,unable_to_verify_identity
When can I expect my transfer to reach my account?,transfer_timing
I need to cancel my recent transfer as soon as possible. I made an error there. Please help before it goes through.,cancel_transfer
Will I be charged an extra fee if I need to exchange currency?,exchange_charge
Is my new bank card on the way and is there a way to track it?,card_arrival
What does pending mean on a cash withdrawal?,pending_cash_withdrawal
"I have arranged a transfer, but no longer need to send it. How do I stop the transfer?",cancel_transfer
Should my top-up be completed by now?,pending_top_up
How long does it take for a refund to appear?,Refund_not_showing_up
My card needs to be topped up.,topping_up_by_card
"I think someone might have a copy of my card because a 500 dollar withdrawal was made, and it wasn't me. Can you please help?",cash_withdrawal_not_recognised
what are weekend rates for getting cash,wrong_exchange_rate_for_cash_withdrawal
Is there an issue with my account?  I don't see a cheque deposit that I made yesterday.  Please assist.,balance_not_updated_after_cheque_or_cash_deposit
I paid with card and I was charged a fee,card_payment_fee_charged
I moved and need to change my personal information.,edit_personal_details
My card payment wasn't accepted.,declined_card_payment
What is the extra fee that was added when I used the card?,card_payment_fee_charged
"How do I close my account, since I'm dissatisfied?",terminate_account
"I have a Visa and Mastercard, can I use these?",visa_or_mastercard
"Hello, i'd like to inform you of an issue i'm currently experiencing. The goods i have ordered from your website have still not arrived yet; it has been over 3 weeks. I would like to be issued a refund swiftly and be redirected to more competent people. Thank you for your assistance.",request_refund
I need several disposable cards made per day.,disposable_card_limits
There was an extra fee on my account when I got cash.,cash_withdrawal_charge
I need assistance with transferring funds to another account.,transfer_into_account
MY transfer has still not appeared.,balance_not_updated_after_bank_transfer
I have tried using my card for the first time at the ATM of Notting Hill to withdrawal cash but it didn't work. Does this mean my card isn't working?,declined_cash_withdrawal
Help!  There is a cash withdrawl on the account that I didn't make!,cash_withdrawal_not_recognised
I want to deposit my check to top up my account,top_up_by_cash_or_cheque
"I tried to top off using the card, but the money just disappeared?",topping_up_by_card
how do I link an old card?,card_linking
How do I know which payments I make will have additional fees? Where can I find this information online?,card_payment_fee_charged
I made an online purchase and the order has not shown up. Give me my money back.,request_refund
I need to get some Euros for my holiday. Am I able to exchange some of my money?,exchange_via_app
What is the function of the disposable cards?,get_disposable_virtual_card
Can I use my social security card as a form of identity?,verify_my_identity
Can my account me accessed by a thief?  I was mugged.,lost_or_stolen_phone
Will there be a charge when money is added to my account?,top_up_by_bank_transfer_charge
I made a transfer and they haven't received the money I sent them.,transfer_not_received_by_recipient
"Show me how to link the new card,",card_linking
Are there fees for adding money with an International card?,top_up_by_card_charge
Can I auto top if I'm low on funds?,automatic_top_up
who should i contact if my refund doesn't go through?,Refund_not_showing_up
wheres my money receipt,transfer_not_received_by_recipient
I have transfered to my account before but it is being declined now?,declined_transfer
where exactly does money come from,verify_source_of_funds
"I was using foreign currency at an ATM, but the rate was typed in wrong.",wrong_exchange_rate_for_cash_withdrawal
"Hey i need help urgently. I just realised I sent my payment to the wrong account number, there is a typo! Please cancel it immediately, I can't do it anymore from the app",cancel_transfer
Is there a tracking number for the card?,card_arrival
How can I change USD to GBP?,exchange_via_app
Do exchanges cost more?,exchange_charge
How long does it take for money to transfer as my balance hasn't been updated,balance_not_updated_after_bank_transfer
"I'm not sure why my payment has been declined? Please tell me why, I thought it was all good.",declined_card_payment
Reason for my card to decline,declined_card_payment
When will my transfer be in my account?,transfer_timing
Is there a charge for receiving money?,top_up_by_bank_transfer_charge
Are there any fees if I want to add money using an international card?,top_up_by_card_charge
Is it possible to get both Mastercard and Visa card from you?,visa_or_mastercard
which identity details are required,why_verify_identity
I purchased something abroad and the incorrect exchange rate was applied.,card_payment_wrong_exchange_rate
My PIN was blocked.,pin_blocked
Hey I thought transfers were free.  Why are you charging me?,transfer_fee_charged
Why is my cash withdrawal still pending?,pending_cash_withdrawal
"Transfers may show up as pending for up to one day while they are processed by one of our payment processors. Then, they will depart for the beneficiary accounts. Please also double-check that you have entered the correct account details. SEPA transfers can take up to two business days, and SWIFT transfers can take up to five business days.",pending_transfer
I noticed a new fee on my account. I didn't know there were fees for these payments. What is the policy?,card_payment_fee_charged
how do I speed up identity verification?,why_verify_identity
I'm noticing a payment/purchase at a company that I don't recognise.,card_payment_not_recognised
Payment did not process,beneficiary_not_allowed
What forms of payment do you accept?,supported_cards_and_currencies
I requested a refund but am unable to see it in my account. Why is that?,Refund_not_showing_up
passcode retrieval,passcode_forgotten
How many days does it take for a transfer to go through?,transfer_timing
WHY IS THERE AN EXTRA FEE FOR USING THE ATM??!!!,cash_withdrawal_charge
I thought transfers were free of charge.  I bought something abroad and got charged a ridiculous fee. How do I get this problem fixed.,transfer_fee_charged
What are the rules for a top-up?,top_up_limits
Will my money be of equal value when I travel abroad?,exchange_rate
I see a fee that I think was charged because I paid by card.,card_payment_fee_charged
Could you explain why my card payment did not work?,declined_card_payment
the exchange rate is wrong from something I got in another country,card_payment_wrong_exchange_rate
The ATM cancelled a transaction on me when I was trying to get some cash out.,declined_cash_withdrawal
Could you please tell me why my card payment didn't work?,declined_card_payment
When will the check I deposited post to my account?,balance_not_updated_after_cheque_or_cash_deposit
Which fiat currencies are supported?,fiat_currency_support
I do not know why I was charged for the $1 transaction.,extra_charge_on_statement
Why am I not able to withdraw cash from this ATM?,declined_cash_withdrawal
I sent a payment but now it's not showing up.,reverted_card_payment?
I am required to make several disposable cards every day.,disposable_card_limits
Why are you charging me fees for using my card?,card_payment_fee_charged
Do you offer free ATM withdrawals of ones hometown currency while on holiday?,wrong_exchange_rate_for_cash_withdrawal
I am on vacation in Spain and need to change my pin.,change_pin
I sent a payment but it isn't showing up in the app,transfer_not_received_by_recipient
I tried to make a purchase in the store but my card was declined.,declined_card_payment
I need to figure out who has access to my card there are some payments I didn't make that are showing on the app.  Could you please help?,card_payment_not_recognised
How long will my ATM withdrawal be pending?,pending_cash_withdrawal
It won't let me activate my card.,activate_my_card
Can money be exchanged from one currency to another?,exchange_via_app
Can you tell me why I was charged extra when I withdrew money?,cash_withdrawal_charge
Where can I get money from my card?,atm_support
My top is still pending.,pending_top_up
I think I deserve a refunded on a certain item.,request_refund
I want to be sure that everything is okay here. I just made a transfer from a UK account and it is still not showing up. How long does this typically take?,balance_not_updated_after_bank_transfer
Why did I get charged for a transfer?,transfer_fee_charged
Is there a fee for physical cards?,order_physical_card
How long will this transfer from europe take?,transfer_timing
Can my PIN changed remotely without visiting a bank?,change_pin
My top up doesn't work,top_up_failed
"i have used my card online before and wasn't charged, why am i charged now",card_payment_fee_charged
ATM withdrawal not working.,declined_cash_withdrawal
Asked for $100 but only got $20. Why would this happen?,wrong_amount_of_cash_received
How do I get a card if I live in the US?,country_support
Why am I charged a fee for getting cash?,cash_withdrawal_charge
What is the source of your exchange rates?,exchange_rate
why is a transfer to beneficiary not possible?,beneficiary_not_allowed
Explain the activation method for this card,activate_my_card
Why hasnt my top up gone through yet?? I thought it was suppose to be instant? Am I wrong? Why is it still pending?,pending_top_up
I have a missing refund,Refund_not_showing_up
I want to start using my card.,activate_my_card
How do you calculate exchange rates?,exchange_rate
Can I change my PIN without going to a bank branch?,change_pin
I only have a card from the US is that okay?,supported_cards_and_currencies
"You can activate your card in a few seconds by going to account, hitting activate, and just following the directions.",activate_my_card
Why doesn't my Google pay top up work?,apple_pay_or_google_pay
"I was charged a fee when withdrawing cash, can you explain why?",cash_withdrawal_charge
I seem to of forgotten my passcode.,passcode_forgotten
My balance was not updated after transferring money.,balance_not_updated_after_bank_transfer
I need to top-up my card today urgently but my card keeps getting declined!! Can you please resolve this problem or let me know if you have any alternatives,top_up_failed
Why has my money disappeared? I topped up earlier and seen it was there and had went through. What seems to be the problem?,top_up_reverted
I think that there was an error in calculating the exchange rate.  I recently withdrew cash and received much less than expected.,wrong_exchange_rate_for_cash_withdrawal
What factors determine your exchange rate?,exchange_rate
What is going on with it saying my card payment was declined?,declined_card_payment
Got only $20 when I tried to withdraw $100.,wrong_amount_of_cash_received
When I'm traveling is it possible to add money automatically at certain time points?,automatic_top_up
Why is there a fee added to my statement?,extra_charge_on_statement
I want to create a new pin.,change_pin
Where is the money I put in the bank?,balance_not_updated_after_cheque_or_cash_deposit
"I transferred some money recently and saw a fee on my account, what's that for?",transfer_fee_charged
Why did I get a $1 extra fee on the statement?,extra_charge_on_statement
"My money is gone :( I had topped up recently and saw it was there and went through, but now it's disappeared, what's going on?",top_up_reverted
"I need your help to get a refund for an item I just bought, can you cancel the payment since what I bought hasn't arrived yet.",request_refund
Can I get another card?,getting_spare_card
I topped up and now my money is not there anymore! What happened to it?,top_up_reverted
The ATM kept my card?,card_swallowed
I was the victim of someone stealing my wallet.  My card is being used and it isn't me.  What should I do?,cash_withdrawal_not_recognised
I'm still waiting for a money transfer to show.,pending_transfer
Why did I get less cash than what I asked in the ATM?,wrong_amount_of_cash_received
I would like to link my card to my account.,card_linking
"Transferred to account is not successful, help please?",balance_not_updated_after_bank_transfer
Will I need a new card or can I put my old card back into the app?,card_linking
What happened to the transfer I did?,balance_not_updated_after_bank_transfer
"I cannot find my phone, what should I do?",lost_or_stolen_phone
"When I withdrew my money, why was there an extra charge?",cash_withdrawal_charge
I wish to be able to top up with cash.,top_up_by_cash_or_cheque
Which countries are you in?,country_support
